面积,人均收入,房龄,房价
181,76419,5,1057731
171,82249,4,1516679
226,61417,5,1021442
157,68230,3,1439532
147,60851,6,595927
173,81857,6,1006770
179,63014,5,1521412
166,72744,3,1395890
169,63964,6,860462
213,85549,6,1520986
115,77994,3,1576862
162,53175,6,634772
191,38453,3,1165449
193,82750,3,1439478
265,64455,6,1363770
241,77135,5,1361630
213,84239,5,1517996
142,59720,6,562168
165,65395,4,1033143
125,53972,4,903697
222,75153,4,2130426
165,65901,5,991657
111,58878,7,641996
135,55727,5,713167
240,57838,5,889608
179,52091,2,1411792
130,83202,6,1019248
163,66561,5,1060054
136,98319,4,1303288
209,61222,4,1668131
201,80416,5,1361940
166,64942,4,1261877
231,57500,3,1010069
175,49430,4,540272
185,54300,5,987270
158,79123,4,1267042
230,79073,4,1307105
184,89866,4,1189907
132,56367,5,572862
140,19364,5,322235
145,52121,4,1049405
185,67890,3,1780273
177,45285,4,964738
247,79003,3,1700017
177,64770,5,1190208
191,71351,3,1639068
167,84827,5,1264295
169,65717,3,1012303
148,81942,4,1417142
130,78372,4,1718760
183,83926,4,1461853
121,45656,5,490404
149,66481,4,1107105
171,77317,5,1498645
218,72190,6,852359
255,67460,5,1306987
213,80314,2,1602891
175,62930,5,1216184
125,49386,3,830543
139,70163,4,1064916
201,63997,7,1136693
171,68105,3,1152653
184,56372,5,1384327
127,73074,4,1359801
172,53262,5,1418327
177,58239,5,925474
145,70122,6,1127422
110,77465,4,1519250
200,63324,3,1288761
158,81677,5,1415531
161,66390,6,1305093
210,83555,3,1843956
143,53137,6,829933
167,59456,5,710246
211,84441,5,1712103
138,62998,5,1075675
179,55702,5,956035
162,71790,6,1299802
212,68147,3,1637608
250,66815,3,1673827
220,60943,2,1329414
171,76753,6,1142660
175,89773,6,1123431
199,89901,5,1860279
220,65827,4,1886035
128,59591,5,1059091
215,71848,4,1130488
100,80496,6,1241105
143,74613,3,1481059
163,67080,5,1294889
118,46976,6,182466
168,70409,4,1349699
142,77359,6,591697
162,71457,3,1406367
219,98886,4,1761451
171,78385,4,1740680
159,63785,4,1578921
207,66258,4,1365566
134,65349,4,883233
155,67415,4,1023916
147,66328,5,1074135
125,72033,5,1264739
215,73039,2,1893654
153,58727,4,1376264
173,60407,4,1322842
203,75726,5,970391
203,77595,5,1681041
80,47722,6,405795
137,65025,5,1133868
160,80367,5,1321907
160,58081,6,345603
259,64588,4,1161755
161,62936,4,827493
192,58845,4,1362763
230,52868,5,1016312
101,60896,5,568881
171,69351,4,871307
188,82721,4,1935071
151,84312,3,1600787
181,62218,5,1345308
163,63079,3,1737384
153,73978,6,1420544
195,89257,4,1835010
142,72286,3,1199265
233,64359,4,1190712
182,65838,7,984543
252,74342,4,2122071
238,74234,3,1662683
76,44945,7,449487
136,65200,5,911014
134,75093,6,1057282
180,74376,4,1655202
138,53243,3,1206491
150,79735,5,1243591
142,65216,3,1837033
158,78049,6,1452909
235,70621,7,1188599
168,65559,6,485405
192,59608,3,1283591
189,63649,4,1564703
212,75298,4,1348594
177,70155,3,1272221
142,71463,4,767602
244,75677,4,1704993
162,53488,4,1372424
166,63744,4,1118010
186,65373,4,1375201
138,61683,5,991771
153,94773,6,1581758
163,56571,5,1367794
195,60833,4,1470382
180,67852,5,1269532
175,74508,5,1062070
197,54351,5,897981
216,74747,4,1458032
144,82684,6,1157178
210,71517,4,1139836
101,51581,6,745932
191,57106,5,1054844
199,77246,7,949832
164,54393,4,1111559
166,60147,5,1336897
197,89311,4,2025601
210,77195,4,1357323
105,53779,5,952708
188,73685,3,1175697
228,71357,6,1337587
157,78195,4,1666563
224,72067,4,1324262
119,61030,3,1002735
161,68020,4,1628613
181,62816,4,1239929
246,74869,4,1407304
191,42254,3,1047974
124,78667,5,1384878
171,82917,5,1566162
108,56393,6,627076
125,54713,5,891732
149,83996,4,1162079
197,67297,4,1136288
203,62810,4,1505301
175,64467,3,1563277
157,69405,4,1577824
179,51269,4,1460119
129,76676,4,1326091
133,60840,6,688567
103,81415,6,884204
129,69175,5,1319752
190,53827,4,661263
180,70479,5,1346475
172,55799,3,1263266
137,59375,5,557931
149,61790,4,1196937
207,44838,5,1025319
199,59490,3,1303224
181,63032,4,955311
234,67825,5,752426
143,73637,5,1061954
141,61262,6,699725
227,58175,3,1534514
154,60277,3,770816
210,66577,4,1359712
170,76214,5,917178
209,90624,3,1505853
192,66322,5,1371871
143,68560,4,929338
143,74048,4,1418156
185,56165,4,710337
137,45908,4,1351618
138,76129,5,1252112
148,56480,5,1087832
155,93209,6,1465472
226,81604,5,1710796
147,53176,4,906433
142,42130,3,881257
161,88657,5,1374074
166,58940,5,1136525
175,57771,4,877469
175,67107,4,1583780
207,73139,5,880365
268,75747,5,1389236
145,53057,5,784153
212,57946,3,1557726
194,60364,4,886575
182,78154,5,1742377
167,57210,2,886890
206,46916,7,642161
207,83019,6,1450499
125,66936,5,1589409
241,98978,5,1681770
191,80101,4,1437748
142,57898,4,886950
151,70922,4,1446019
162,54602,5,1118058
202,66856,3,1395115
194,64888,6,1112748
117,62810,5,726941
132,72566,5,650985
242,75610,6,1322356
219,64875,4,1693380
219,59677,3,1300966
157,55374,3,750718
181,92198,6,1619496
143,76407,3,1533535
131,65374,5,1117473
157,85986,5,1094353
201,59039,5,1078332
192,79321,4,1188020
102,55921,5,857371
203,62626,5,1278686
194,48965,5,984941
176,71744,5,1298314
165,77268,5,1266637
194,59124,5,1041983
172,60385,5,802924
273,66841,4,1332061
177,93813,4,2234532
205,63447,4,1449025
176,66015,4,592407
164,66968,5,1432167
211,63181,3,1165370
188,62753,5,818197
157,48228,6,631228
217,39717,5,164809
196,56264,3,1301515
214,64220,5,595557
244,61317,4,1318461
182,71515,4,1752919
174,100985,6,1451672
125,55994,6,275727
146,66963,2,1462121
134,67929,4,1286966
154,58271,7,736670
147,69527,4,1247575
152,57831,4,949181
181,62383,4,1154287
136,56806,5,686105
160,55523,2,1161214
188,94445,5,1471883
138,59070,6,741487
176,73245,3,1650247
128,69234,3,995949
139,52538,6,916443
202,76789,3,2068102
165,72012,4,1518548
157,75280,4,1362988
145,64759,4,1458814
165,78741,3,1537112
194,65329,7,645271
159,57483,6,948678
188,81150,4,1570667
140,62048,6,987741
174,58934,3,1573108
119,59799,7,664739
132,56554,6,503294
158,84668,6,870054
184,57278,7,1007492
151,71691,4,1759094
162,70046,6,675332
156,50295,4,738018
178,87627,4,1435708
222,79733,4,1563058
192,60421,4,933469
198,83837,5,1321333
176,57810,4,812653
195,75249,3,1193187
134,53992,4,1296347
145,53001,4,1159418
183,64304,4,1316847
148,68125,4,1193209
162,81938,4,1413818
175,83902,4,1016441
213,68823,4,1175952
175,72984,4,1433970
210,70182,3,866347
118,70120,4,1021162
219,55373,3,1402580
155,63202,5,1109322
201,72869,5,1200644
202,83340,4,1632499
190,62293,5,1089628
206,69829,4,1457309
242,79948,5,1457842
169,69681,4,1009003
158,75788,5,700085
188,66282,5,1200625
194,53417,6,966817
199,61077,5,907311
187,58731,3,1425988
247,75940,4,1405299
248,76799,4,1434671
197,53992,4,1069798
117,80808,5,983393
147,62623,5,1076826
246,67558,3,1846615
215,83069,3,1772558
170,56302,4,1092212
185,75623,5,1325745
195,86356,5,1105565
133,76456,5,946568
149,69423,3,1392688
166,82894,4,1216357
176,64041,5,1146147
236,81332,3,1731481
216,49841,3,1385389
240,81170,4,1831230
175,94135,3,1321039
138,51734,6,760011
157,59401,4,641551
171,72305,5,990214
180,79221,3,1541558
209,73911,4,1352354
157,90088,4,1780507
110,69242,5,1771373
162,51406,4,1088665
254,96807,2,2481727
259,57162,4,1553705
155,73927,7,1050063
201,49025,4,816992
139,63065,5,1014724
148,73351,5,1241635
224,63771,4,1536448
175,80455,5,1140909
181,78502,2,1504011
163,62916,4,1166265
134,66901,5,1117382
185,66806,5,817795
144,51687,5,783128
150,72609,7,1189713
194,70314,3,1038452
234,69291,4,1444776
197,69868,3,1199114
156,68001,5,1157847
237,71516,4,1505392
136,61654,4,1053989
152,56222,5,956612
177,75001,5,1350864
218,79861,4,1274024
154,70309,5,1288624
102,51587,5,1036644
133,87923,6,1538181
190,65886,5,1418106
150,65640,5,847081
192,85542,5,1383835
157,65858,3,1524496
159,67479,4,1329204
171,76676,4,1489436
171,75323,4,1412056
177,87569,3,1462020
188,83215,5,1802696
193,59655,4,1108141
180,68127,5,1249428
146,54062,5,802231
240,82456,4,1804344
197,72487,4,1462475
187,73328,6,1187000
165,73266,5,1408578
142,71235,5,1041025
143,56849,6,917627
228,66599,5,1453136
150,64116,5,955500
157,71465,7,871268
209,66298,4,1593397
222,81191,5,1429304
154,76096,4,1821315
153,58427,4,1100752
216,61595,6,1156507
142,52263,5,1172856
184,76349,5,1860353
264,59833,5,1266920
146,67425,3,1234569
123,36065,5,655375
134,69115,6,688617
135,63139,4,969491
131,71317,5,1199976
125,66321,4,1432374
225,66538,4,1194625
189,93739,4,2258608
179,77327,5,1194054
151,78644,5,1428019
261,66511,3,1602979
119,53066,5,790123
200,89718,5,1232523
159,70609,5,1247445
137,55378,6,1165938
171,46080,3,1311170
181,61307,3,1808162
142,83909,6,1276870
174,87564,5,1994492
180,71443,4,1421686
216,67267,4,1675378
157,70682,5,1369375
168,50444,3,994644
188,60842,5,1545707
203,80627,5,1211345
216,86407,6,767037
146,76510,4,1617738
134,44828,5,277271
177,77347,7,954273
168,64625,6,1123194
235,73574,5,1554205
230,81124,3,1475974
158,73639,5,1209376
183,65995,3,1765574
169,49465,5,538013
161,83993,6,1506381
185,81885,6,1393692
191,62838,7,992014
182,65747,3,1252998
148,72356,3,1425772
211,60562,3,1494219
196,63313,4,1666831
196,87062,5,1687247
161,64597,5,1234934
180,70750,4,1111950
163,66077,5,984049
181,58855,4,1288516
275,68182,4,1321448
186,76241,4,1315319
165,61936,3,1225013
170,82834,5,1250544
211,75416,4,1499012
200,53238,3,1130681
208,77600,5,1279419
154,64501,6,1092439
325,96780,3,2608635
216,54610,4,1156252
132,62192,4,1121836
173,76979,3,1378458
269,64382,3,1354608
156,89382,6,1066382
151,57347,3,1488909
245,66896,4,1722431
204,55430,3,1380109
223,70219,4,1100798
165,72841,6,1081747
218,82940,6,1292334
196,63208,5,1219903
167,60822,4,1068691
177,68281,7,847893
179,53737,5,1264196
144,94961,2,1692529
165,70060,3,1429938
173,78109,6,914674
146,65028,4,885612
139,55134,6,1317345
206,81379,4,2027496
213,78057,3,1750437
202,66216,4,1462868
171,77075,5,1139467
176,58837,6,1021550
149,72251,3,1597403
156,79606,7,881961
123,61297,6,589622
158,71761,5,1067762
124,71436,6,1171099
76,69052,3,1358383
129,82030,4,1234756
205,87652,2,2265630
189,55425,4,1132989
142,84960,4,1673391
247,66987,5,1108323
223,89295,3,1580412
222,85005,4,1712511
206,72245,4,1321592
208,67089,5,1355134
137,57749,5,912484
185,51031,4,996909
165,79343,3,1551298
174,77069,6,769777
119,62849,6,780744
134,64049,6,1359199
143,73776,7,952763
232,64610,5,1098580
171,62169,4,1242922
238,65403,4,1435606
222,71322,6,1457095
143,85490,4,1568709
199,57736,4,1312194
162,58631,4,1053681
200,58774,4,1046337
186,74243,7,1136525
191,81485,3,1504252
154,53817,5,874153
222,81639,3,1392792
224,66268,6,1251800
208,63660,2,1407714
172,69449,4,1348060
233,84399,5,1740452
145,52591,4,546277
181,64450,3,1604430
154,64950,5,925645
164,74845,4,1615393
144,68478,6,1262955
159,62486,5,1038768
177,73094,6,1753106
278,75718,4,1442224
183,73018,4,1773902
163,80310,7,1260024
179,72464,5,1080782
180,81591,4,1369174
159,75176,5,1252356
170,81021,5,1478959
171,49679,5,798297
197,61953,4,994967
211,77111,5,1060493
179,77378,4,1510765
200,81059,7,1228690
238,85160,4,1270596
144,62132,5,1122876
145,60820,4,1640320
179,82607,6,1477684
179,59146,4,1014557
140,76508,5,1289138
198,78800,5,1587633
141,72915,4,1086358
186,96787,3,1884765
161,52543,4,819308
163,96709,5,2094409
136,77858,4,1347719
228,73137,6,1192805
164,64302,5,1240854
212,84915,4,1771359
141,55421,5,936075
205,72822,5,1592436
239,78544,4,1140413
114,51803,5,762520
158,88375,3,2099104
278,47192,2,1483547
180,72927,5,1377207
121,58937,5,841951
223,82880,5,1817263
183,63134,4,1561876
169,80096,4,1714250
225,81475,4,1729470
156,57984,2,934971
172,73141,5,1010596
176,65817,4,1008307
187,55317,5,786258
227,68763,3,1064613
167,53190,3,1212495
210,78004,5,1850293
123,66322,6,751486
124,72377,4,1462293
191,72190,3,1904962
211,87106,4,1863469
154,80256,4,1509291
219,49487,4,621958
159,65014,5,967250
258,48506,4,1149723
122,64286,4,1492069
155,69339,5,1178918
208,63727,5,883915
180,62751,5,1377265
160,57668,4,1135836
178,71231,5,1077924
189,70859,6,987155
158,66324,5,919889
159,64744,4,873090
163,73545,4,1672118
144,71195,3,1418338
185,86411,5,1643865
165,65769,3,1574978
175,87437,5,1552521
207,69281,4,1442361
255,69542,3,1262330
195,85777,4,1541817
174,62539,4,929307
234,60805,5,874821
153,74523,6,1267427
145,71070,5,689509
140,75855,4,1299432
182,85612,4,1545671
166,74546,5,1451205
149,60589,3,1197527
191,65156,4,1041452
182,67001,6,1042353
159,59469,4,1396624
186,77082,2,1880113
143,69225,4,939819
151,76624,4,1991621
172,69730,4,1440692
178,86599,3,2578777
153,51419,4,721388
197,57410,4,1061332
119,67326,4,1134703
140,90518,3,1636316
149,79671,5,1478870
194,70428,4,1544800
182,82193,3,1610883
127,51009,5,610055
152,79725,3,1612526
150,65684,4,997619
190,72795,4,1503386
203,77185,6,1587687
141,67227,4,1269527
188,55128,5,829299
200,68221,6,1193192
105,54482,5,534779
143,75847,3,1558860
254,78307,5,1796282
240,72863,5,1175043
189,68202,4,1273863
123,79424,6,1842450
148,79209,5,1080148
176,69809,4,1152102
146,63038,5,1213101
222,69036,2,1765873
154,58802,4,1405773
190,69582,4,1213623
234,70669,3,1301920
148,79784,4,1151797
150,78604,5,1300726
169,80023,5,1353285
225,69794,4,1115648
212,53472,3,1161675
190,63636,6,863290
215,68623,3,1554898
162,65739,5,1254003
199,85693,5,1244727
230,81024,4,1215063
196,48490,5,884978
206,76533,5,836592
180,58358,4,974188
200,68211,3,1225988
248,75767,2,1491387
185,68613,3,1789152
173,83514,3,1960521
228,65602,5,1572537
181,71005,4,1602302
214,64324,7,1136053
198,47350,3,1191571
240,54695,5,1149331
129,64735,3,1097723
147,73168,4,1229367
103,70015,4,1263250
235,76603,5,1565378
173,64942,5,1355533
181,66163,6,627967
159,81845,5,1670138
144,73430,4,1376421
171,52449,4,1158300
195,88269,5,1271473
190,80606,5,1280102
146,62034,4,1375133
167,60157,7,804242
180,61763,3,1388227
232,68800,6,884204
198,75294,4,1190099
195,64758,5,1083868
145,76860,4,1217283
178,76779,5,1089528
191,57242,5,957960
236,100808,4,2285030
127,61806,3,891144
182,94712,4,1870608
120,54282,6,304972
289,62167,4,1143662
153,63331,6,742955
255,89609,2,1742759
223,86156,3,2005473
154,72747,5,1229988
140,88806,4,1573758
257,74092,5,1654450
151,62605,5,997671
155,74996,7,1044547
228,61361,6,919747
123,76935,5,1141545
206,65029,5,1052721
166,57938,4,997695
161,65069,4,1380415
124,65763,5,1103846
183,81858,5,1352711
124,60728,7,1145134
127,64667,5,774795
218,91219,3,2100818
195,71573,5,1520793
177,63200,5,1420700
115,68112,4,1193196
127,82931,5,1419535
144,68332,4,1427824
139,70567,5,1215155
144,60265,5,1350991
173,67515,5,1354928
194,64804,6,997299
160,60540,4,1175659
254,63747,3,1422900
129,62859,5,1041621
216,69019,5,999974
166,93111,4,1592262
150,54382,5,747877
131,53503,5,962592
130,68697,5,1052177
212,74043,5,1101832
148,71924,5,982315
182,57846,7,647933
185,86645,5,1716057
226,81237,5,1393732
139,82826,7,1126060
139,78085,5,1104893
136,76375,6,961960
187,72286,3,1638842
178,82264,6,1044230
194,81448,3,1573332
146,80051,5,1343386
224,58079,6,776588
167,59152,6,664455
175,85709,5,1771799
172,64637,5,906017
171,53078,5,1256490
277,95431,6,2079845
137,75637,5,1791587
203,65279,3,1439815
183,47314,4,1126927
236,80749,4,2001172
170,75313,3,1370085
203,72983,4,1338302
137,90239,5,1243526
164,59098,6,904677
180,59469,6,1083535
208,49113,5,835875
178,84849,4,1561886
152,70776,5,948953
141,54025,5,640974
196,71748,4,1301759
151,62769,5,995926
170,81230,7,1476279
102,60555,4,959850
140,86075,4,1890583
220,50388,4,847828
224,94806,2,2323552
187,82941,4,1595264
170,71502,2,1767218
135,61443,4,997848
212,87178,4,1671729
195,66476,4,1994789
175,69755,4,1556695
111,56266,6,1087064
203,68879,3,1294424
128,73735,4,983756
251,69810,5,1403546
171,61535,4,1207845
239,70850,3,1893033
138,74903,4,1438676
135,75005,5,1567351
129,58120,6,894890
157,60611,4,1261755
201,72800,6,800756
104,50765,4,634523
157,68195,6,795287
230,69984,4,1384725
152,55040,4,782650
178,66018,6,1005594
173,59271,3,1574212
292,76392,3,1612306
147,82764,3,1805339
166,61975,6,1122604
120,59033,4,1047967
215,71158,6,982977
117,64616,4,1038577
236,64989,4,1313397
182,78560,4,1316566
166,69152,4,1633384
235,78510,5,1200334
170,61458,5,752029
178,93022,6,1242233
262,55693,4,1405706
136,52528,7,643289
155,77449,4,1434205
160,63158,4,1778936
227,74052,4,1951079
155,59292,6,857451
168,73447,5,1213917
255,77576,4,1906532
144,62943,6,935296
126,68387,5,1331692
135,56510,6,630490
184,49483,3,1135857
227,66331,3,1549681
167,87435,5,1524725
257,72045,3,1347372
146,80910,5,1409655
155,77755,6,1285954
161,74567,6,1121882
137,62267,5,1018491
161,50756,6,330519
149,93718,6,1270251
190,65124,5,1212819
146,50052,4,1038711
166,78860,4,1475937
160,70704,5,1144240
173,57454,5,1087764
141,74898,5,1459742
159,68357,3,1407191
168,76643,5,1049236
192,68224,4,1359930
134,62616,6,901815
156,53736,5,856158
186,56687,4,1047092
131,62157,6,647004
208,78098,3,1755446
194,47289,5,910953
188,68734,4,1310565
227,69438,2,1356130
158,38665,6,572169
208,83956,5,1210666
237,70607,4,1515055
178,70632,8,1021339
152,69634,4,911231
185,70160,4,1158191
152,63354,4,835436
173,57358,4,934505
141,64520,6,930267
118,74337,5,989528
161,55583,5,960780
160,75094,5,1599801
140,38558,4,482198
167,64739,3,1436915
146,61290,4,1232741
116,59644,4,947981
213,65528,5,1209161
156,88180,4,1980339
147,49782,5,629202
164,64674,5,975135
162,71180,5,1254684
195,72795,4,1564167
212,80542,3,1659509
118,65827,5,714542
214,68359,6,1246419
203,64759,2,1186638
136,51069,5,635298
164,67065,4,1437365
204,93521,5,1563945
128,55231,4,856474
168,45666,3,878066
124,77427,5,1097792
191,97029,5,1733069
126,50431,5,781899
158,57262,5,1355527
168,57282,5,975174
186,88920,5,2014509
163,68739,3,1107787
127,41979,5,601667
228,63304,4,1258832
191,85371,6,959840
183,66838,4,1385763
178,60895,4,1732308
188,77725,6,1557634
177,58314,3,1292477
190,65235,5,1162402
141,68252,6,645121
167,66673,5,1523810
179,56143,3,1159428
193,55995,5,857472
195,67426,4,1568771
218,78652,3,1628631
207,70768,4,1416351
150,76925,5,1578957
191,75031,4,1874832
177,70938,3,961014
152,80914,5,1306648
224,92557,3,2220974
158,68278,4,1318481
149,76532,4,1666169
159,74748,5,1582016
139,82416,4,1363597
158,75707,4,1274809
217,55029,5,1057916
127,80941,5,1365411
188,65123,5,904142
159,62118,3,1553902
170,86759,5,1505033
180,80454,4,2023576
182,61300,3,1388551
198,71262,4,1482115
190,58778,3,1045266
207,56806,3,1152605
193,69338,4,1163045
125,62157,2,1661611
169,62435,3,1369166
250,68819,4,1424445
206,66526,6,1038609
176,83513,4,1639469
117,49839,3,1255791
183,83802,2,2528756
156,53197,3,1155183
128,66635,5,1004665
246,85400,4,1669845
201,60182,4,1562651
113,74635,6,760896
185,83139,5,1605975
200,76346,5,1231051
174,74547,2,1972003
222,84013,4,1674843
133,57720,3,1172842
191,60373,2,1333429
216,66434,4,1710493
156,56713,6,624864
169,75060,5,1078337
152,49300,5,868305
182,66080,4,1121037
177,71370,3,1799292
231,87135,5,1523008
141,60895,3,1090009
186,66836,6,1799368
172,67227,5,849404
183,63405,3,1322335
252,65126,5,1349138
149,84155,4,1449037
186,59266,3,1534581
242,50857,6,740206
177,83890,6,1282552
163,62024,4,1114206
202,55739,5,702285
155,71084,5,1222035
162,81077,4,1602428
238,49574,5,686634
179,73828,4,1478149
216,67762,5,1208786
153,72373,5,988051
97,74455,6,787417
203,55708,5,742315
257,108659,6,1996224
144,56045,3,1296053
185,48353,6,815143
170,61309,6,707777
166,74080,4,866920
166,75331,5,1552131
213,58147,4,1448788
174,88093,5,1622892
186,69069,4,1536736
206,77535,3,2034865
197,61542,5,827526
171,78589,4,1078842
173,59888,3,1282696
212,72007,5,1449844
196,60799,6,1243216
189,60697,5,968274
234,53265,3,951755
161,68141,4,1393627
202,63657,6,1187922
237,48563,5,1473990
235,83978,2,1442930
177,62959,4,1487221
170,69988,6,1567747
181,56684,5,1060229
158,55381,3,1204656
239,63813,4,1793313
195,69895,5,1033449
208,57167,5,1406512
177,86347,3,2269115
142,71686,4,1599766
241,78104,4,1130655
123,39130,4,562069
198,59692,4,1044365
197,83295,4,1891950
178,69522,5,1220899
191,60467,4,1408199
200,77952,4,1700351
162,66293,6,1224398
162,56111,6,967573
168,71699,6,557168
218,66241,3,1914850
147,64903,7,809478
176,72379,3,1385499
171,69450,5,1337337
189,97806,6,1539780
180,85133,3,1771631
138,61570,5,1369022
232,77139,4,1396400
209,78565,3,1694839
144,68252,4,1064614
181,68428,3,1491342
126,73114,4,1381338
232,68695,4,1648769
210,102233,3,2011536
255,89759,3,1970493
125,66866,5,720698
237,65209,4,1276920
157,73685,4,1207218
222,77979,4,1071385
201,88009,5,1462841
202,52747,4,719410
270,56097,5,862704
147,69034,4,978589
208,58199,3,1296930
191,86677,6,1460558
222,72190,4,1690127
185,60716,3,1036910
156,80340,4,1444809
157,87989,4,1451797
172,83664,4,1660797
132,67468,5,1535235
149,76972,5,1379005
163,79424,5,1255847
186,62857,4,1175426
113,79918,5,1003871
148,60307,5,948696
174,51070,5,524758
151,76808,4,1494971
199,69746,5,1234201
187,69012,5,1706551
210,82087,3,1999073
193,54094,3,1115410
204,87608,4,1264964
169,71101,3,1829244
144,65107,5,1399078
144,65221,4,1096776
190,56370,5,1041748
145,68593,3,1599759
142,65032,6,904257
174,73260,5,1256523
160,63998,5,899373
242,58345,5,927735
188,68244,4,1567489
197,73452,4,1289817
205,64235,3,1655398
234,79839,4,1604375
175,74363,6,1424502
132,59649,4,886884
150,68751,5,982861
153,65482,6,960835
187,72152,5,1101382
140,71334,6,941329
180,59941,6,437335
203,69636,3,1692544
150,70786,2,1297187
105,43740,3,715240
150,76922,6,1171662
130,76173,5,1180540
199,63912,3,1462291
135,50201,4,952491
208,49099,4,855905
128,66370,3,1414627
200,67719,7,391331
127,79550,6,1333510
169,84404,4,1705398
206,76784,4,1672190
176,70715,6,1361063
149,74040,5,1084277
159,65191,4,863134
115,38604,5,513772
182,64339,5,1282524
207,71096,5,801197
125,68888,5,1029861
207,56549,5,817717
188,56892,3,1418661
133,67307,7,937959
126,63066,5,489522
131,77216,7,685414
106,63203,3,1216575
199,70319,1,1636982
132,54991,6,624896
192,56370,4,785967
179,73469,5,1146251
170,58694,7,1163266
186,97441,5,2111299
193,54187,4,1328272
199,74940,5,997135
219,72434,4,1121027
225,82155,5,1471470
162,50148,4,560965
228,76537,4,1889686
167,48424,4,1123971
256,50967,2,1259634
218,53092,2,1502575
127,70226,5,1073870
111,56454,5,308052
161,80630,3,1608895
215,65540,4,1373304
132,77487,6,595569
106,69378,5,1010657
145,57062,5,798650
169,82754,5,1672156
213,93554,4,1603280
126,71155,5,818892
222,56968,4,1074075
161,66279,4,1548758
234,87305,6,1224852
215,88548,4,1666629
166,56765,4,1125439
140,59969,4,1062361
208,54461,5,1010518
126,76859,6,1186865
163,81215,5,1446712
166,75597,4,1653356
160,89123,5,1445619
152,90130,4,1450841
293,104720,5,2172724
164,68781,5,1310890
205,66119,3,1693338
200,89428,6,1604718
209,78508,5,1699960
169,51490,5,804151
143,81263,5,1639631
200,87158,5,1638155
136,74277,5,1448261
159,68134,5,1144432
264,58916,4,1411684
173,68084,5,906783
193,81197,5,1461635
178,57849,5,327925
187,74645,5,1279477
183,86354,3,1919429
188,86805,3,1718576
221,85655,5,1732481
155,65808,4,855703
171,67236,5,1702914
159,64236,5,854475
187,81891,5,1913895
170,68009,4,1297865
117,45301,6,558889
280,85970,2,1792002
170,79961,5,1404263
132,55417,4,1202808
207,56354,4,1139360
145,65470,3,1554092
236,80155,4,1713875
201,73231,5,1575385
158,78909,4,1238731
202,67947,5,1601603
140,49990,3,608712
207,75358,5,1871491
144,53485,5,777607
179,64735,5,994456
226,65416,4,1563564
126,93059,8,1253765
156,69210,5,1068541
196,85824,6,1579298
160,48696,4,785459
200,79556,4,1595239
226,71072,7,1129854
180,64183,3,1372537
199,88331,5,1425732
201,68403,4,1385435
225,75814,4,1185711
178,70420,6,1214950
190,77904,5,1178541
227,87651,5,1466134
181,73068,5,1132904
188,70599,5,1354002
223,72598,6,1243501
222,85802,4,1346071
218,75760,5,560338
165,65804,3,1782287
195,71106,3,1409161
131,58603,6,873086
158,67622,4,1364069
195,59591,4,1065756
225,92232,7,1454656
174,41721,3,889545
187,67387,5,1000948
192,74367,5,1199322
160,73733,3,1794640
221,82602,6,1294910
251,85437,4,2025761
144,70894,5,1092805
97,84077,5,1436536
209,59580,5,1006904
138,80705,4,1603218
168,75206,4,1466044
164,76194,6,1016400
232,62447,3,1290130
235,85205,4,1330386
137,63248,6,932796
207,70471,5,1056701
197,76849,5,1545934
212,90614,5,1368386
187,86893,2,2386315
145,53972,3,1117282
203,58748,4,1104927
231,72611,4,1697546
167,48740,6,439623
176,58231,5,715032
238,67244,6,1057293
235,73779,4,1745043
179,63464,4,1162161
163,64138,4,1135630
178,70935,5,831545
156,54603,8,813169
117,71293,7,788493
185,55205,5,491545
137,65573,4,1294153
152,57879,7,934930
167,86928,5,1483030
258,82845,4,1743315
190,65565,5,1137489
175,82240,4,1489602
123,85675,5,1090342
218,72010,5,1390497
245,68736,7,1139303
184,73122,4,1133207
151,44560,3,774076
218,62710,5,1376746
132,72096,3,2008111
167,64756,6,1536582
200,91792,4,1848306
113,66154,5,864117
151,51150,5,1213253
133,77709,5,1279144
261,69068,4,1454601
192,78974,5,1523346
179,65101,5,1014649
198,49994,6,982910
182,61495,3,1468233
134,51255,3,1102439
215,76510,4,1955445
123,92667,5,1693788
204,90911,2,2438464
163,75416,6,1384298
196,70790,4,1246837
132,72627,5,1485629
176,71717,4,1400805
155,78512,5,1893031
175,97014,5,1675190
225,47993,4,929255
136,64140,6,1549164
254,70806,5,1618393
227,81498,3,1890865
152,49144,5,330699
222,61376,4,1124562
106,78765,6,1245547
216,72026,5,1378455
114,71325,3,1752123
210,103818,6,1792069
137,56659,5,743926
242,78684,3,1656775
146,57632,5,1256630
167,90754,5,1590239
220,86855,4,1032440
161,69204,4,1203559
95,34933,6,29667
212,76328,3,1700472
164,75282,3,1335138
221,60536,3,1375176
233,73525,5,1297244
215,50567,4,1124555
139,78034,5,1363683
127,63592,7,568338
158,61980,3,1636674
196,62219,6,770847
159,88364,3,2016731
184,67551,4,1265296
103,61846,3,932411
138,69989,4,1577511
150,71308,8,993186
182,88952,4,1676761
180,70351,2,1501315
230,63411,3,1376144
200,60713,4,838851
156,80710,4,1592387
156,61263,4,1051552
145,62609,5,1031939
185,67496,4,1468552
196,61915,4,1117195
107,57178,5,1073862
148,72515,5,570052
223,80989,3,1628496
130,71703,5,1169091
131,61716,5,793005
255,80920,5,1504054
164,54802,4,1431525
132,73444,5,1152950
164,70059,4,1609427
140,83495,5,1814672
146,62274,3,1059520
191,65582,6,1177988
258,65399,5,831546
137,59387,5,830945
190,88508,4,1279832
148,69408,6,916482
172,90745,4,1854122
145,61000,5,983461
199,57719,8,522321
190,61583,5,811681
207,55452,4,672674
136,67908,4,1200666
142,68176,5,1504002
135,61420,6,553741
156,56507,6,989544
125,94003,5,1781162
188,72795,4,1852253
233,73167,5,1840762
178,85361,5,1399639
165,85723,6,1613092
127,74278,7,1265227
170,99551,5,2028841
113,65850,6,978619
161,86193,4,1797201
157,56797,6,1156771
155,79815,3,1442807
186,77284,6,1316898
204,68093,3,1329568
191,76948,5,1428604
172,63824,6,932668
154,67865,6,838142
178,81734,4,1103023
147,60095,4,1363083
225,82772,3,1596203
171,92470,5,1174201
176,69084,5,1658997
217,55765,4,1196845
227,68233,3,1599920
229,94951,5,1905457
164,69253,3,1234761
125,72628,5,1439803
174,43246,5,1052860
127,81847,4,1470305
212,69538,5,1438002
198,53961,6,954621
127,66691,5,980368
156,83440,5,1119113
227,91064,4,1634236
209,62389,6,827819
207,48717,4,359923
184,60776,3,1149101
130,58400,6,217856
118,36875,4,559536
261,72741,3,1395575
157,49749,3,1431155
243,55908,4,1215872
140,55197,7,1094770
164,70216,6,805704
117,65419,6,496924
165,85599,4,1646253
175,86000,5,1210795
165,66759,6,772823
121,70315,4,817940
162,67865,4,1431757
156,66386,5,1385288
151,81043,3,1646293
211,57271,3,1014768
195,74970,5,988563
236,71015,4,1813242
150,74207,5,1046891
173,68622,5,1224588
213,66752,6,671083
222,64324,6,1377261
157,56338,5,1259834
186,85426,7,1594211
181,68310,4,1282803
203,83240,5,1621236
168,44270,4,972508
253,79753,4,1600866
170,41198,4,840958
226,67851,4,1003769
145,71457,5,1379233
141,74174,4,1044801
217,67020,5,1448144
231,63334,4,1811569
277,77915,2,1859050
198,82741,4,1650195
136,66918,3,1896169
207,64798,4,1320798
134,80164,5,1030606
187,77305,5,1479478
151,64282,3,1228502
206,50939,5,713085
110,73782,6,850034
230,80069,4,1965539
125,86432,6,1325026
219,43805,3,990698
167,74599,5,1559183
161,62826,4,1237761
249,72599,4,1360220
151,57177,4,1005426
160,85493,5,1429489
204,83380,4,1433636
195,75233,6,946504
133,54847,3,827955
170,68629,3,1347867
174,64314,4,1443023
210,63458,5,1461165
116,56185,6,580586
156,58283,5,824806
184,59331,5,823367
176,77916,5,1720113
218,70476,4,1220220
143,60520,3,814318
165,58007,4,990647
227,56793,5,963881
212,86160,5,1302244
182,87162,5,1147316
82,53281,7,572169
148,69074,6,1379995
212,63479,2,1432169
196,47758,4,1012173
159,59279,4,767652
162,57742,5,829413
163,69220,5,1039974
128,77315,5,1329393
116,57276,4,855773
224,66571,5,1140753
248,69276,3,1141074
134,43295,4,679289
177,59403,3,1202182
228,62128,2,2086496
200,76652,4,1472063
228,77148,6,1376031
210,90076,5,1715071
204,61337,5,1126967
138,66925,4,1146426
166,69415,6,1203032
198,77086,4,1609426
192,70412,4,1383938
208,70634,4,1118483
251,80150,3,1893396
145,59439,2,1064492
218,71930,4,1120682
125,58492,3,1082733
139,64963,5,647294
177,76550,4,1156531
138,61876,4,1267820
184,70541,4,783496
150,62551,4,849877
202,63474,5,967029
173,71713,3,1317373
174,80561,4,1085029
184,72234,4,1576918
211,37876,6,144563
144,61288,5,1070944
129,65064,4,1200354
233,73011,3,2220582
185,61421,4,919257
163,86814,4,1481999
198,55079,4,971223
120,66975,3,1500410
197,63898,6,1050292
158,84818,3,1661985
177,66076,4,1074930
170,65807,6,944022
168,63779,6,608507
179,75226,4,1939977
184,51237,3,1107106
167,66475,4,1318297
237,80193,4,1499338
163,57071,6,1020261
156,57417,6,932918
142,73130,6,962152
219,77687,5,1351475
109,73811,6,804058
187,75092,6,859757
249,68725,4,1460442
245,74537,4,1289188
166,64321,7,1240757
187,99083,3,2104911
161,51332,3,1155086
271,79880,3,1511451
174,69621,3,1700711
118,69414,5,869327
164,83848,6,1525895
160,76133,4,1365680
151,49920,5,410506
125,62509,5,1216286
162,57732,7,598074
167,80699,5,1343650
110,67615,6,883226
169,70328,6,1112890
184,46776,5,723311
175,68766,4,1364078
197,58804,4,1182244
152,63858,4,1279451
147,76621,6,956379
226,73100,4,1425299
93,74478,4,1016098
128,85445,4,1626111
113,74048,5,1321257
148,71026,5,880620
191,76826,5,1139770
185,77264,4,1658120
126,41847,4,494301
157,67178,5,1006700
165,86876,8,1810330
215,61425,4,1319213
159,40953,5,655115
240,66265,5,1121174
142,91925,4,2135701
155,63788,6,829558
241,71435,3,2021563
161,56210,6,720090
138,63532,5,730011
140,84483,4,1604705
205,65472,4,1630168
143,65018,4,1843012
171,81340,5,1543495
202,54098,5,1413240
160,58263,5,914260
226,60668,4,1346448
196,76838,2,2004302
183,71685,2,1735955
226,90014,3,1325818
205,59987,3,1296309
160,67569,5,816607
168,81954,5,1603893
213,56543,5,1050042
209,59627,5,752426
262,64883,3,2325298
128,71888,4,1694646
233,70325,5,1268527
183,72284,2,1772612
212,81866,4,1391445
156,74441,5,873136
198,82803,4,1469684
170,60822,7,723212
151,58843,5,1079745
148,58571,5,998977
192,84116,5,1344317
121,60094,4,954872
172,80001,5,1402762
111,64327,6,818147
101,64619,3,1255017
193,80670,4,1186186
234,72351,4,1853458
191,47082,5,595130
184,61267,4,1492388
113,54708,6,972574
169,58308,5,1359687
222,73543,5,1160706
191,71188,6,1118406
95,64674,4,1294073
154,82257,6,1263865
156,77732,6,1677986
145,78558,6,1544308
183,66004,5,985471
137,59581,3,1084934
157,54013,5,866988
137,78940,4,1511770
166,91691,5,1625856
139,72934,4,1659212
177,69962,4,1086314
197,78871,4,1562641
137,77572,7,1107838
128,64617,4,720640
147,78189,5,1277179
145,58805,6,775620
151,45341,5,725148
229,68980,3,1282007
128,71740,5,1152579
166,46685,6,229343
246,59809,4,1068905
238,65173,5,1077750
175,49834,3,1503607
176,61517,6,750575
149,81365,5,1150560
178,77871,4,1285751
225,45863,4,734192
221,80391,4,1574172
158,76733,4,1352337
206,54300,7,1087678
204,61836,4,1235133
203,91519,5,1797409
152,84729,6,1537027
103,47032,6,314955
192,70189,4,1161097
163,67977,4,1346304
157,59173,4,1642735
155,54508,6,1015202
99,37179,4,729030
152,55076,4,1016182
127,52018,6,812919
182,75567,4,1326736
172,44651,5,400889
141,58609,5,1011823
197,67514,3,1511522
204,58815,4,1123764
195,71430,4,1486186
153,42603,4,604316
190,70536,3,1394693
138,48092,4,1021113
163,70657,3,1380219
180,67145,6,1228219
139,77568,3,1516473
122,72591,5,1038729
179,59215,4,1106399
163,68698,4,1197212
178,53625,5,549566
202,79907,5,1130645
189,62559,5,1408685
222,68938,3,1698742
124,57601,6,678618
227,85883,5,1556798
196,45799,4,1043052
158,62489,5,908125
166,63438,6,671007
168,85592,5,1353016
190,59102,6,842487
195,76093,4,1534879
144,73082,4,1340674
220,80336,7,417024
173,74472,4,1880359
158,50484,4,1218872
167,69139,5,1077664
123,52591,5,614382
151,56207,6,977808
154,83209,4,1980002
181,66906,3,1089441
209,70677,4,1389045
197,69809,5,1459081
180,68464,4,1632334
178,94272,6,1547519
175,92524,3,1843503
179,81088,6,1094765
239,56054,5,1019278
159,54019,7,755561
158,78646,5,1386649
169,64916,4,905790
162,87454,5,1759415
116,76467,6,1130580
139,56733,6,637119
217,59449,6,924919
169,66806,6,864577
159,62408,6,883952
144,72211,4,1377836
201,70869,5,1284032
216,70101,4,1375557
165,75875,3,1870036
145,75627,5,1111079
110,52792,4,407345
141,46534,4,647194
243,51870,4,1114920
143,79812,5,1314599
158,49878,5,140137
206,76370,5,1063358
193,66600,5,1013161
121,71069,6,833542
185,58907,5,703176
215,72662,4,1448863
212,80569,5,1591785
180,74033,6,881283
216,83470,4,1135890
247,78512,5,1139432
110,70992,4,1802297
139,52434,5,472279
157,93946,5,1778724
139,65148,3,1038186
108,82644,4,1186429
161,70145,7,815354
170,48493,3,677000
153,52453,5,1026057
168,61605,5,691821
161,78219,4,1649283
142,61075,5,747818
197,60723,3,1627935
265,69572,5,1587830
204,84379,5,1333903
150,70235,5,1029505
183,52328,5,927531
142,54789,5,956245
147,71160,4,1162028
213,47428,3,1331379
150,75607,6,1094980
138,64417,5,682478
212,65332,3,1871958
131,57467,5,863653
169,65983,5,789147
116,67441,4,1186237
162,85942,5,1737539
116,54702,5,1161158
186,60158,7,737268
163,57724,4,851712
128,58957,5,558919
192,65229,5,1280374
197,74130,4,1349105
225,74536,5,1042870
197,62197,3,1234254
213,61492,4,1166610
218,74964,4,1145446
160,60864,5,690878
142,67871,4,1253848
179,64901,4,880286
179,57401,5,641637
158,76444,4,1635881
131,78217,5,1720482
142,63804,4,1243830
214,51399,5,613419
154,92956,4,1724278
242,55916,3,1141160
245,79593,5,1722800
162,65174,5,1228822
210,72567,4,1793446
167,72073,5,1029042
248,77625,5,1605708
212,65068,6,852770
150,78220,4,1271224
173,72141,4,1547002
133,64912,6,1145736
128,76714,7,1138599
95,41767,5,284968
131,41060,2,632749
169,56473,5,1013838
214,84465,4,2046930
185,76026,6,1285391
156,56591,4,802824
131,81811,3,1578579
168,106899,5,1577795
140,46687,5,1002522
172,76490,6,1318357
138,77215,5,958008
134,57115,7,860883
176,46652,4,672866
203,81804,6,1557689
138,59836,7,529268
134,63157,6,737300
193,68068,4,1135991
182,53257,5,886053
174,73709,5,1559857
141,70318,6,931879
192,84398,5,1488846
136,76431,4,1235912
223,73405,3,1549198
236,56578,4,739859
161,73802,4,1349080
107,68840,4,1453480
173,54784,4,1303194
167,78653,4,1304681
221,81777,3,1526561
150,72327,7,1039395
92,55962,5,576998
127,72835,5,1030191
244,77953,2,1845651
148,69582,5,1207366
225,87858,5,2070274
161,79561,4,1454986
187,54796,4,947899
167,71640,2,1775627
132,51826,5,984957
184,65609,7,754516
218,84308,5,1114554
198,54101,3,1449228
165,68243,4,1138002
139,71020,4,1501740
142,66934,6,705184
171,69062,2,1591804
155,62896,6,659270
184,69359,6,1062815
262,70177,3,1463307
208,70382,3,1584374
190,62255,1,1499932
151,73997,4,914719
147,67469,3,1088989
161,52531,5,1085474
213,68828,6,1067867
211,65835,3,1065610
149,75152,4,1769109
162,91684,6,1288079
130,52656,5,825037
211,80103,5,1519512
196,74667,5,1606609
192,71560,5,1431035
133,75220,6,1238562
145,59290,5,1521123
217,67647,4,888162
183,80386,4,1561375
242,75223,4,1408197
171,70037,3,1230875
159,74421,3,1750312
126,74024,6,1261077
174,65384,4,1259188
139,53596,3,1237692
111,61611,5,99018
220,86303,4,1703079
146,73546,2,1695451
214,62806,4,1279457
222,57829,4,1135426
165,93731,3,1868222
196,81773,4,1949268
198,72197,4,1117337
196,64500,5,868824
129,57135,4,909374
144,53676,3,1137671
162,62595,5,1261087
191,65305,4,1078656
195,71447,4,1623248
131,62955,5,1170425
151,60876,5,748400
120,74371,6,1230568
159,69600,2,1863198
184,64086,6,784890
195,58970,5,875408
134,65140,3,1022229
215,68864,3,1547068
246,60759,4,678814
177,72026,6,751298
127,66273,4,1257567
169,72052,5,1370947
114,71639,4,1431301
169,72102,6,886420
121,61322,5,893978
180,59365,4,1302595
153,92435,4,1557325
144,73360,5,961728
134,60789,6,535761
205,61806,3,1335379
125,74329,5,1269547
191,44595,5,731144
188,68332,3,1490171
185,68631,4,1219326
150,62596,4,1431721
159,49490,4,823607
139,73946,4,1708418
182,61700,6,885343
171,81498,4,1572573
122,81224,4,1002536
215,72536,4,1533102
198,66372,5,1379203
308,83870,4,1891585
162,50982,3,1054219
249,69642,7,1015452
188,69291,4,1183123
162,70415,2,2166049
165,60802,5,979875
130,50923,3,1005478
139,50716,6,565645
209,57289,4,1208728
128,65470,3,1964674
202,68729,2,1705455
186,54316,3,1448262
167,58834,4,1306080
248,72136,5,1026835
132,73035,8,958311
140,73022,5,1430351
212,55385,3,1398513
138,57949,5,1271029
214,64879,5,1189412
150,61683,4,1136987
211,71749,5,1061954
177,74033,5,1546678
105,66933,6,1026995
189,69782,6,1414478
197,43648,6,890736
209,64521,5,1525519
195,89428,4,1548715
147,74654,4,1068582
154,72909,6,699715
200,53863,3,916454
147,95736,5,1507153
130,60449,6,948342
197,69026,3,1359571
232,77331,4,1376235
237,70566,4,1430868
209,78593,5,1753560
207,89577,5,1648044
193,76478,6,1205158
167,65523,5,885896
220,82345,5,1004339
161,59870,4,1256086
141,54548,4,1191241
149,56484,4,1029760
242,54103,3,955186
117,76869,3,1419133
125,51613,4,1026284
168,101737,4,1880043
203,49619,5,775277
175,76837,6,1209514
170,57121,3,894560
204,69526,6,804635
215,64610,3,1382859
150,81636,4,1802999
179,73506,5,1349648
211,80375,5,1378954
141,74553,5,1438012
169,60250,4,967198
155,71973,6,1564913
223,83763,5,1846291
125,55005,3,856956
215,83286,2,1779095
257,78607,5,1613584
141,63130,4,962575
104,89019,6,1780790
199,70322,4,1471227
189,79364,4,1784190
192,56865,3,1286876
239,57759,5,930423
194,81747,4,1557824
162,47237,6,502467
216,66212,7,927659
169,64596,6,1265679
168,75273,6,1320453
207,59798,6,986242
145,82106,5,1178484
167,73822,5,1031768
254,55845,5,1069729
148,55185,4,938573
219,59346,6,859196
216,78011,5,1585274
168,80440,3,1502522
165,65690,5,998598
174,77286,6,885829
171,65312,4,1142395
131,61539,4,703938
212,74896,3,1396073
149,82885,6,1408114
163,67069,4,996794
202,65090,4,1220147
135,62056,5,824926
194,72737,4,1270526
188,85350,3,1445118
160,69959,3,1433264
178,82064,5,1331915
178,69002,3,2029344
173,77511,4,1404100
165,51005,6,837482
191,50463,4,1235876
274,79301,4,1824152
170,43345,4,1065960
137,68786,3,1627451
143,75148,5,601565
143,57859,5,1160958
202,72288,5,1252979
181,68053,5,1559089
184,73239,4,1305566
267,94009,4,1742755
176,63057,7,1017117
119,60569,6,809115
234,69013,4,1151476
158,44761,5,745708
162,78430,4,1254305
164,102342,5,2262044
273,63537,4,1610776
136,67949,5,1300364
144,54569,5,770163
201,72180,4,1561518
183,77029,4,1416579
134,73485,6,1501806
238,64715,3,1341131
172,69915,3,1659721
178,60375,7,1189222
198,57131,4,1109212
208,70618,4,1673398
163,84958,6,1388494
187,62839,3,1375048
128,78387,5,827616
173,74885,7,858678
174,69319,4,1609448
206,61184,5,1059977
151,64014,3,1477442
141,70661,4,1436224
220,73010,4,1140616
180,59195,5,1108381
144,77025,6,1278595
182,77312,5,1523734
132,48554,4,1134628
140,64162,7,1166326
190,68723,5,1050590
125,55126,4,682818
216,68053,3,1563005
177,53057,6,456833
159,40489,5,680913
154,59852,6,1256221
170,44372,4,1130611
128,68309,4,537044
178,63952,4,1163176
176,74255,5,1332285
236,78803,5,1461173
189,70916,5,1253531
184,55589,3,746270
130,67088,4,1238486
190,72179,5,1461813
230,78580,4,1873123
166,76740,4,1456512
191,60717,2,1246703
190,70130,5,1248511
112,58642,6,641127
195,62247,4,846294
135,65688,6,905846
161,68670,4,1088795
123,59623,6,572226
162,80057,5,1295176
221,66811,5,1363789
139,72363,3,1921929
165,80272,4,2107649
179,55713,3,1378299
147,81968,5,1210745
182,58098,4,811214
155,82148,5,1262971
237,79276,4,1680276
165,64704,6,907313
150,47669,6,279706
157,74211,4,1372257
128,46824,5,791700
183,94625,6,1375892
154,58478,5,1012373
111,66561,3,1601511
135,64181,5,1018548
128,60010,4,1057376
114,39367,5,732117
198,70997,5,1622896
148,74094,5,1457850
157,74062,5,995010
263,81571,3,2146061
162,64169,4,1022388
187,78242,4,1357302
163,61071,5,1099361
232,82400,5,1576286
127,69495,4,1275194
175,57462,4,1041362
198,55790,4,1022039
152,54501,6,775020
194,56224,4,1316270
168,61120,3,1449896
178,88447,3,1719052
144,66712,6,883430
155,61062,4,1171989
255,64703,4,1618978
236,61305,5,1220369
205,55816,4,1158665
202,76702,6,1285760
155,73268,3,1682814
128,78670,5,1004553
155,62678,6,764089
192,56629,3,1229176
144,61567,5,917780
138,52280,4,1123491
175,72781,4,1481526
155,62128,6,720217
213,46777,4,962647
285,72067,4,1691409
204,67683,5,804864
157,67209,5,1310572
166,64478,6,1008080
156,56334,5,892601
191,57843,5,931053
166,59212,6,921359
176,78502,4,1595211
156,72232,4,1327315
149,69536,5,1010211
255,73807,2,1903165
109,77965,5,1523743
236,61570,2,1297317
178,65228,4,1715766
186,78851,3,1814267
183,80330,4,1639864
231,61022,4,1509758
191,81081,2,2046685
132,72695,5,1221597
142,74633,5,1128340
189,81502,3,1503928
175,80816,4,1492069
135,64348,6,1509843
121,72612,6,760471
204,81699,5,1474929
166,65808,5,994375
156,59322,4,840687
203,74753,5,1080321
104,71999,7,1176538
153,53105,5,794174
177,80813,5,1494242
162,68671,4,1047814
168,71147,3,1790123
209,69329,6,1069217
142,48287,7,608897
192,87012,5,1373009
142,36448,4,408004
159,69357,3,1215706
190,77143,5,1461414
135,70846,5,1146573
185,66839,5,1356156
168,80557,4,1652986
205,60517,6,1050630
156,78105,5,1282835
196,78240,4,2269754
134,69388,6,786495
172,71172,4,1832385
99,49431,5,506871
195,88879,6,1367736
147,50357,3,1478581
144,52645,5,644192
249,61545,4,1266881
181,59245,4,1639195
179,69608,5,1446520
196,67491,6,1009619
147,80785,5,1594390
157,66833,3,1141450
161,67272,4,800502
171,67738,4,1223919
216,71198,3,1436528
161,51851,6,486473
191,62632,6,1139123
204,74349,5,1426158
151,61850,5,1023647
106,86272,5,1023804
184,67542,5,1332062
162,75435,6,1555781
177,62754,5,679084
208,61978,3,1636201
180,74363,4,1395610
128,70169,5,826274
192,88158,4,1508183
166,59287,5,993680
189,86830,5,1193150
219,77573,4,1118179
208,75791,4,1338079
184,86073,5,1678284
175,83297,5,1638506
223,76888,5,1385142
191,71953,4,1486077
112,63425,6,1192300
215,74449,5,1357613
184,73454,3,1472032
145,59650,4,1229318
165,71736,4,1389724
135,71199,6,1353931
157,65399,5,809291
137,58319,5,527123
167,59693,4,1145207
114,72221,5,1013428
195,59960,3,1725246
188,80286,6,1442531
134,80084,5,1146729
159,60392,5,956032
227,58981,5,697296
175,64076,4,1041596
196,53207,5,972196
145,69952,6,1211725
169,66910,4,1421690
219,60409,4,619672
180,90393,6,1289296
125,75995,5,1431940
135,65983,5,1042466
98,59628,4,1096985
162,68012,6,849800
156,75502,4,1449186
170,60736,5,828003
171,65201,3,1388701
141,63930,5,717505
138,59832,6,699403
246,68003,3,1216125
127,53069,4,780978
170,41436,4,1196756
220,47847,3,1211458
234,60338,5,957938
243,62393,5,1399817
155,73984,4,1770518
175,52350,7,1035246
148,63386,4,1166741
234,58828,7,1115957
209,74353,3,1267108
147,73049,4,1051546
178,60510,2,1232551
103,75858,6,728530
159,76435,4,1281540
179,61253,3,1401580
162,82647,4,1386105
245,74481,4,1578014
134,62793,5,816895
125,70300,4,1154510
171,62201,4,1113584
210,67972,4,1507996
148,64986,7,564533
262,71672,5,1387671
109,62301,6,1303049
167,68131,3,1136142
213,61265,4,1468844
132,60334,5,648137
157,73128,4,1443982
178,60445,4,1116169
162,85566,4,1658960
201,58592,4,1514571
180,54473,5,1324357
149,67767,6,622617
250,70385,4,1602769
212,82982,5,2020876
142,75098,4,1349704
120,80224,3,1122067
206,60884,3,1583202
233,65550,4,1899554
221,83036,4,1358828
205,79963,4,1505458
131,68379,2,1168485
183,67716,5,1335457
195,85616,5,1498314
193,66801,5,940783
166,74237,4,1203610
150,67012,2,1729617
249,71325,4,1686304
149,83651,4,1044863
181,74043,3,1734947
164,75375,3,1514184
124,67026,5,1210302
157,56588,4,955230
121,61689,6,661913
199,69541,5,1234929
194,54195,5,887828
118,56760,6,670221
165,64168,5,1158902
139,77905,5,1045257
115,59974,7,623413
204,65472,4,982310
274,83260,4,1896543
217,71038,5,1028397
174,53841,4,864314
171,67440,6,1006223
223,79578,4,1483869
122,79416,6,1035665
210,62944,4,1357508
120,68576,4,1309171
242,85168,3,2205900
136,73213,4,1574633
177,63259,5,960297
190,58485,4,1167629
147,66166,6,1047549
249,50864,4,1008283
219,37458,4,840213
137,65495,4,1203259
110,67306,4,1291485
217,66421,2,1513138
135,66689,4,904084
153,77530,4,1642043
167,70018,5,895273
150,60363,6,1214177
142,77058,5,1316420
163,61193,5,1039662
140,62287,4,1259243
147,69704,6,1388861
170,77150,6,1175381
165,75071,4,1856553
92,46730,5,621159
189,61924,4,1175216
143,74760,5,1176869
148,76943,6,829279
148,80173,6,1022836
211,72171,4,1584535
137,50663,7,584727
202,70434,3,1255518
164,85088,7,1088764
208,65004,4,1551660
151,67036,4,1255650
169,79010,4,1211597
199,82663,4,1448536
202,76510,4,1215547
150,63457,5,1226615
197,67158,4,1133627
174,61105,3,1154280
83,64894,5,962280
180,78761,5,1873073
234,80005,4,2032754
173,49856,3,828094
284,68108,4,1558554
173,69948,3,1292406
208,61693,5,991284
182,84052,2,1729249
210,75669,4,1796262
239,70702,5,1208094
222,49176,5,1133664
111,53941,6,465562
143,57883,3,928773
162,67925,8,791259
130,51680,4,952350
162,65850,6,834288
133,62333,6,653775
259,60349,4,1189662
200,77482,3,1399274
182,69896,3,1233817
155,59526,4,1068011
149,63732,4,1299033
156,57832,7,907221
148,71722,5,1105777
201,45773,5,787949
192,69706,5,956290
272,82021,4,1212727
152,93402,4,2205880
152,65214,4,1179589
151,63355,3,1945465
124,68732,4,1418194
235,68117,3,1316278
165,87082,5,1859532
129,44863,5,689546
184,77110,4,1227271
188,42593,3,850249
158,68421,6,983284
159,66560,5,878029
179,59727,4,1116453
170,83127,6,1623995
181,79818,5,1374012
218,63939,5,1014778
143,77003,4,1569465
226,69036,6,1210135
213,57349,5,1244673
160,68840,5,1166364
228,51882,4,914126
161,79455,5,1197414
152,68404,5,1529583
146,51990,4,1219635
197,62123,4,947818
158,61680,6,475926
166,60393,5,817442
181,70517,5,1127968
185,58684,4,1240060
186,96246,4,1801375
215,74279,4,1647366
167,64134,4,1105783
215,83186,4,1590709
147,87664,7,797520
145,64225,6,898351
159,74231,7,904849
222,81006,4,1614652
141,44245,4,971190
169,65632,4,1242794
127,47182,7,635418
138,80685,4,1705515
152,64758,4,1281347
162,61551,4,1201677
177,56992,3,757843
193,86031,4,1543001
142,71943,5,1296124
164,56922,3,1060320
188,74999,4,1206011
202,55758,3,1136774
216,82159,5,1572828
130,69939,4,1623234
189,84657,4,1189018
140,88591,5,1427899
154,82778,4,1253889
111,75197,7,579907
137,79490,5,1618026
212,63094,5,822296
256,82661,4,1623812
210,52475,4,1725545
147,81814,5,1870803
259,84993,4,1871025
171,68614,7,1079722
123,46754,3,857947
269,82945,3,1544675
193,66792,5,1130554
184,68881,4,1190565
142,85984,5,1686795
175,82188,6,1331494
133,62533,5,1173599
154,62079,7,901713
214,75068,5,1637430
182,79358,3,1946379
201,70978,6,1125963
155,73497,6,972211
184,71538,2,1782960
145,75374,4,1176820
148,66747,4,1142389
154,60328,4,1102807
189,64151,5,785945
202,70547,5,1404374
190,52461,4,769855
129,49060,4,1293506
173,60326,5,1088131
192,69387,7,731118
227,100345,6,1761043
201,50262,5,661104
257,46529,6,552243
158,73194,4,1240333
237,59597,5,1461030
191,71153,5,1074265
203,52354,4,821087
234,69106,4,1381469
158,64764,5,1228731
232,78559,5,869637
199,81590,5,1495708
181,78554,4,1601147
144,76773,5,1669768
196,62441,4,972580
152,75536,4,1118618
203,100620,4,1731607
162,63706,4,1066530
172,79257,5,1421281
185,77974,5,1024296
139,78592,6,1129447
205,85688,4,1413266
159,66735,5,1413229
174,57367,5,1218347
145,79730,5,1422309
211,79179,4,1704839
198,79426,5,1325303
131,66914,4,1355789
217,59594,6,1368426
120,70307,5,673685
166,68382,5,1360886
110,49665,4,867338
126,49603,4,942901
200,61919,4,1226738
185,76749,5,1221130
150,57364,6,725935
200,83784,5,1340872
186,58748,4,880430
166,100830,5,1730004
214,78789,6,1318632
196,53917,5,1290798
169,51459,5,981950
135,66675,4,1438981
165,66694,4,1570462
157,53617,4,1094892
176,60256,4,1429988
220,67853,6,1029813
198,57587,6,1267844
178,65068,4,1407061
175,74690,7,1088418
169,57617,7,734242
171,60973,7,551178
151,58669,4,1356333
173,81978,5,1937534
203,51932,4,1591407
175,72341,6,972391
169,76816,6,878914
176,64102,5,838736
187,60487,5,1246476
202,73297,5,1520214
168,43671,4,595416
186,52001,5,557602
116,90654,4,1761846
233,70089,3,1321117
196,88275,4,1767722
161,62632,5,1105438
216,82082,4,1711558
128,65102,4,1498257
166,54710,3,1291441
235,71766,3,1593375
194,82035,4,1368782
129,70258,5,1315942
177,83961,4,1644975
179,70452,5,760931
162,59362,4,743541
203,49020,3,1351081
166,46009,3,1077816
195,61670,6,1442338
248,81947,5,1554238
175,62045,3,1358409
162,54959,4,603053
192,81749,6,1536626
176,54441,6,558879
170,57019,8,609221
203,74622,5,1709761
106,56072,5,892022
131,59904,4,972474
208,66379,6,1113240
196,84209,5,1304497
232,81365,4,1220794
215,51821,5,990258
113,71162,7,694838
157,67701,5,1135261
238,85758,4,1706758
197,54982,5,1035072
188,67868,5,1302613
148,66319,6,1486972
208,75523,4,1526378
173,88249,2,1784523
199,68565,7,1258291
193,71218,5,1295149
190,79891,5,1135918
127,58484,7,637267
137,80445,5,1826822
200,76218,3,1325269
154,77357,4,1259616
197,59480,4,1153842
145,83134,4,1376690
207,67268,4,1189771
195,56399,4,1266017
144,50414,4,1142513
148,51674,6,1125862
120,66081,3,1313397
132,69385,4,1055235
170,44529,8,568665
162,64164,7,1049837
117,64459,5,831632
100,78002,5,1600538
198,78253,5,1803692
202,69331,4,1305516
192,58126,4,691608
267,65123,4,1562730
142,56932,6,669624
157,84261,6,1628995
163,83497,5,1281256
132,82807,4,1533636
197,87454,3,1754960
200,72748,6,1203018
215,66338,4,1653162
202,60207,5,773874
130,74779,5,862627
172,63051,3,1119822
166,80831,3,1495783
160,78934,5,1856422
195,72608,6,1401687
133,50362,6,414523
167,67484,6,957676
196,60356,7,737179
151,65323,6,1363180
187,64647,4,1115936
187,64141,4,1303155
208,78878,3,1850009
145,63690,5,920171
225,61443,3,1007100
136,54980,5,692710
153,95383,4,1390280
213,72285,7,674763
177,70538,5,1157387
215,81683,4,1637616
196,56016,4,1475643
160,58134,5,1076510
136,100685,3,2067350
197,74293,4,967408
131,63457,4,1085965
149,61794,4,1169559
185,63333,6,946989
195,77827,2,2393151
181,72906,5,1417553
112,67268,4,876016
163,55412,4,1462144
162,59896,5,1035923
132,74212,5,1349753
203,85946,5,1613902
130,79267,6,872083
183,63454,5,1067895
111,73228,3,1370458
148,62029,4,1127935
149,65107,4,1370908
161,49177,6,849919
114,78938,4,1450133
251,91594,6,1243698
169,77443,4,1531407
241,85246,5,1746957
128,63937,4,1085640
149,60593,3,1224284
197,73101,6,1074730
148,59463,7,558896
162,58129,4,866547
216,64641,6,967698
210,82080,4,1234595
176,84855,4,1205983
182,73237,5,935818
209,67922,3,976907
184,67471,4,1065914
201,83189,6,1446830
227,65305,5,1381920
208,64586,3,1516870
134,62362,5,1164465
204,74009,4,1704244
193,63166,5,899689
127,77346,4,1655431
132,78473,5,814157
169,65251,6,883619
193,59742,3,1400427
139,62173,6,593620
170,69452,4,1388618
179,48059,4,1056354
139,70186,3,1615925
180,73113,6,1187846
172,55396,5,832649
210,73315,7,1084322
181,57408,4,1082070
156,71115,5,1119121
165,79109,5,1382346
156,57650,4,1292293
215,74202,4,1243731
194,97477,5,1775808
183,76035,3,1561092
219,56836,5,1300998
128,70452,6,959650
217,64055,5,657069
153,62909,6,1046524
196,68450,3,1141398
168,85472,3,1576224
185,52363,4,884363
111,41575,5,378581
168,61643,5,1311664
166,96205,4,1968849
188,63154,6,1312306
123,62017,4,1078228
180,76936,5,1899000
138,53680,5,1467188
153,73964,5,905946
240,52086,5,1115818
209,66215,4,1398111
179,49441,5,818346
128,76709,4,1441336
139,62293,4,1344275
241,54048,2,1449918
209,71327,5,1311096
137,60843,6,1101284
185,68285,5,1892511
203,66804,4,1003196
128,94081,4,1691655
139,74697,5,1352934
181,85039,5,1430661
183,65675,4,1842804
121,57115,4,869739
182,83154,5,810136
226,74620,3,1711188
147,78776,4,1478860
168,81687,4,1640011
217,73225,4,1569487
212,72290,4,1385452
141,66737,4,1495491
175,93646,4,1695799
182,75391,5,1428352
277,70766,5,1360585
179,72034,6,1765631
195,63397,6,775953
187,77151,4,1752030
183,72775,4,1435015
135,38862,6,427309
176,64900,5,921358
198,75707,5,1247672
144,63587,6,724929
220,69609,3,1772009
133,51674,4,1072342
205,66070,4,1617872
233,74758,5,1157724
168,71476,4,1807217
191,71938,5,1368624
177,59531,4,1155217
162,72701,5,1295123
151,71438,4,1620655
154,82420,5,1330774
124,61614,5,787842
274,77551,6,1484993
187,58031,4,983852
223,66311,5,985269
165,62816,4,1254411
183,74544,4,1304089
174,82344,4,1540909
185,64003,5,1313667
142,55662,5,354477
147,52081,3,1505264
150,56720,7,459707
128,90900,4,1239523
149,69196,5,1503256
161,64299,3,1536684
203,52190,6,558617
202,66189,4,1392051
185,60188,3,1523264
221,80137,5,1251262
184,84556,4,1666733
194,75155,4,1088682
154,89742,2,2235238
164,60776,7,901480
201,82054,3,1466612
180,85341,7,1268770
154,55447,5,1096261
172,67097,5,1112981
146,59109,4,867322
206,79917,3,1757996
235,59998,2,1678075
210,72118,5,1353850
158,80568,7,1182361
197,86495,3,1392851
214,62477,4,1378284
192,67974,4,1460764
139,58325,6,922709
199,73796,4,1538348
179,77342,3,1872959
129,58609,4,799808
172,81204,3,1305680
172,65836,5,1141057
176,70982,6,1445015
247,62493,6,1433147
153,88812,4,1710126
177,73867,4,1220951
184,55357,3,1243977
131,67270,6,793731
151,88941,6,1879030
161,65592,5,1166088
209,90430,6,1961757
183,67535,4,1136229
156,90702,5,1437161
152,59156,5,1012745
183,65517,3,1143476
228,85026,3,1741450
204,69377,5,1179879
188,73640,5,1229971
156,75632,6,1606911
109,54473,5,856261
166,57153,4,1056510
146,97873,5,1517341
167,78851,4,1461578
214,47062,4,659256
84,64601,4,853142
229,59962,4,1534546
262,93212,4,1555414
151,86378,5,1213572
150,76390,6,932498
183,62721,5,935624
268,81334,5,1414241
140,69553,5,1017993
233,61406,4,1145253
248,116144,3,2500386
255,66136,3,1381987
137,68330,4,1306793
154,63924,5,1212138
167,59488,5,1334173
162,80446,3,1786713
181,73110,5,1371227
170,81158,5,1277924
128,83937,5,1001645
140,62269,5,1308847
125,62947,4,966273
141,66403,4,1433676
137,67516,4,1001277
151,80236,4,1418924
135,69497,4,1373034
199,74902,4,1825586
230,63140,4,1167944
122,55844,6,1221881
131,60543,6,1129231
122,67633,6,857782
192,64470,4,1409115
196,61615,6,1016293
183,81224,5,910252
151,60164,5,1066053
155,86760,5,1392606
233,68344,4,1406194
224,74582,4,1349884
147,65656,6,775644
201,55192,4,680601
194,57391,3,1435099
175,61211,6,1072344
195,45605,5,852049
154,60768,5,1218489
143,86895,5,1210702
162,78713,4,991556
144,62052,7,564503
193,72625,5,1319040
163,64783,5,230842
150,60716,4,956282
132,65824,4,1108981
164,47112,5,836712
143,53727,5,802337
134,51678,3,1167613
167,70762,5,1137641
187,50688,4,935725
180,78347,4,1519816
179,78825,4,1604574
94,46818,7,1032752
162,100276,6,1333195
207,53506,4,1074213
159,76274,5,1016392
226,84806,5,1403672
105,69023,3,1137730
163,82673,5,1528570
206,60593,4,1066187
202,64571,4,1293405
243,65341,5,1111091
241,68194,2,1351089
147,59328,5,869690
264,75768,5,1688642
173,71011,4,960685
194,77839,3,1816072
180,65966,3,1222158
213,87550,5,1518335
157,51694,4,775875
200,63012,6,1210303
139,67994,5,728005
220,50320,6,600159
107,52481,3,1057729
183,52465,4,993730
180,64418,5,862380
228,74244,6,1177893
151,48607,5,482282
157,79907,3,1572892
174,93134,4,1116982
136,65203,5,1278393
196,99292,4,2258079
196,64581,3,1928746
181,69188,4,1514590
135,60062,4,1273328
194,52960,3,1072513
153,82845,4,1729414
146,42341,3,986595
244,62178,6,1214463
155,54071,4,1032275
199,63022,5,929745
147,62430,4,1387349
235,59122,4,1340845
147,67732,5,820097
166,84600,4,1684414
224,50092,5,749558
147,89804,4,1450588
209,63594,5,999437
133,61451,5,1053980
165,67465,3,1747310
140,82787,5,1685147
226,67495,4,1738782
172,58488,3,1561560
168,70208,4,1622178
183,75584,4,1133213
151,61986,4,1272624
146,81142,4,1655002
141,66857,5,1067854
182,70783,4,1356555
211,79949,4,1531938
197,72040,6,1548391
114,60344,6,836351
169,81004,5,1177675
192,86498,4,1652655
158,61847,6,984085
169,58926,4,631402
144,55943,3,901092
133,51965,6,790278
227,76603,3,1256557
174,62389,5,1462545
215,81703,5,993739
189,78438,5,1287128
250,76143,6,1410253
168,58825,6,1041052
143,55057,4,960788
132,77262,4,2001170
192,73194,3,1823930
111,62067,5,1043277
176,79505,4,1423906
173,59578,3,1498085
178,59804,5,1117129
156,71206,4,988164
154,52124,6,1063056
202,65836,7,872443
144,52234,6,1076941
123,58201,4,1306799
162,55179,4,1271481
196,82882,6,1255106
275,63415,4,1275927
122,85360,3,1215609
214,49755,4,1353629
131,73001,4,779154
176,82602,3,2083864
224,65413,5,1159787
156,85098,4,1624837
166,59303,3,1186626
150,61624,6,875585
169,76500,6,1304077
234,62172,4,1054875
204,76647,2,1538284
219,60840,5,818778
166,51196,4,1092275
125,69541,5,736018
216,67581,5,1246193
141,64821,3,1410757
120,63500,5,775117
146,55542,4,1017705
170,70890,5,866675
123,67518,5,1056653
187,53948,5,1117615
251,67068,3,1734151
255,62391,4,1872720
138,75210,4,1577431
140,66956,4,939823
182,68354,3,1296797
141,68724,4,1555851
216,62455,4,1163203
215,75100,5,1179214
213,74320,3,1800440
157,60484,4,816780
221,55913,4,1375985
147,61113,4,927547
152,66077,5,921774
217,55511,4,1428315
129,65312,6,561060
160,70164,7,989725
193,66451,5,1270617
173,52099,3,1211848
199,62096,6,529324
151,80649,5,1315859
191,83422,6,1685976
215,55635,4,1028491
116,67760,3,1330446
201,69539,5,934332
240,57819,1,1643687
178,67944,5,1030190
166,66610,4,1039130
162,56442,4,767310
133,58824,4,930467
148,54952,5,699071
237,69003,2,1428812
149,63241,6,1519004
158,60656,6,819943
226,66622,4,1188859
243,72751,4,1193709
165,81382,5,959605
202,69685,5,912091
114,73098,5,1181355
203,59244,4,1279495
224,82138,3,1627436
148,68482,3,1687213
157,45684,6,518320
129,59117,4,1169912
196,94967,3,2068584
144,59341,4,1241808
168,77223,3,1872256
228,73616,4,1190587
210,66571,5,992694
115,58603,7,934728
200,65159,3,1441081
199,87828,5,1330915
168,80833,6,1314115
182,51840,4,763541
217,63211,5,1809140
169,58947,6,994427
195,65372,4,1347340
173,68807,5,1003996
185,57489,4,1411226
183,82109,5,1673014
239,52289,3,1164592
218,70664,4,1907449
221,64307,5,1093284
158,69359,4,1448979
230,73303,4,1276385
160,71995,5,1361281
156,80874,4,1460145
230,71400,5,1050469
140,72196,5,1014236
208,66990,4,1208043
229,43078,4,840551
228,72057,5,1292597
201,83879,3,1646129
190,79186,5,610415
151,73266,3,1388670
196,62089,2,1790278
169,80228,4,1310386
185,88744,4,1656672
166,82822,5,1359724
144,57133,5,730862
169,68899,5,1529959
150,89602,5,1658054
232,88239,3,1527495
116,53126,3,437914
200,81817,5,1464892
195,62873,5,1567993
186,53057,5,395125
193,74927,4,1050918
161,64709,5,1274333
211,66082,4,1341922
122,56322,5,340629
203,66886,5,1571917
152,78245,6,1321261
221,74569,6,1333135
156,82658,7,1155289
194,55519,5,1042095
232,73350,4,1824920
127,69321,5,682246
198,90901,4,1399427
135,81132,3,1575530
145,60751,4,1187472
150,70039,7,1028187
111,64652,4,1162641
165,63334,5,1104901
184,65083,3,1255035
104,74125,5,1432557
217,63781,4,1046650
194,80296,6,1292434
196,60325,4,1575434
217,49278,3,1409060
157,81303,4,1540884
169,77470,4,797018
185,78789,5,1251927
223,82097,5,1731723
258,68187,6,1327053
251,89736,4,1386378
125,79804,4,1034415
202,65364,4,1517648
181,77897,3,1788379
184,75771,5,1351814
127,47600,5,674673
190,72461,4,1933015
180,58801,4,1511414
96,72876,4,1465722
137,76273,4,1396391
101,53631,5,617608
136,91781,5,1799992
215,69785,3,1372154
210,74519,6,1309067
190,69329,4,1749520
179,65243,4,1152782
170,76177,5,1341058
202,54703,5,670342
200,76027,3,1391932
238,71611,2,1925939
184,59681,3,907372
181,79712,5,1655689
105,57758,6,349368
177,62312,5,1133662
191,81876,4,1504858
185,85995,4,1498895
179,67283,4,988903
215,75866,3,1477746
170,69331,4,1352963
211,72552,5,1621114
226,55558,5,971704
150,57605,4,1012582
180,65696,4,1013738
195,66895,5,1429334
220,80038,4,1795456
250,85371,4,1865468
183,57122,3,1571214
154,55915,5,885829
207,57277,4,1203334
109,81583,3,1389737
200,69803,5,1271445
226,68461,5,1330128
209,68625,6,1143668
140,84487,4,996207
252,71995,3,1452529
180,49587,5,854483
136,87442,4,1764479
141,74681,3,1578089
159,66430,4,1395227
147,45854,6,799013
186,69120,6,1041031
197,68820,5,1459817
181,64561,5,784744
131,64677,4,1053703
178,70686,6,990051
149,49103,4,746714
190,75314,6,1237027
136,61028,5,1477324
142,55110,4,1204512
140,71360,5,991080
191,64395,5,1187215
99,53862,4,955091
231,59663,4,1520282
201,76972,4,1176421
204,64338,5,1099147
217,57160,4,833102
161,70701,5,1002598
218,88302,4,1920075
247,59703,3,1117911
184,76760,5,1308378
154,74335,5,1171892
153,98340,5,1868549
176,68752,5,1181703
118,59992,6,943548
187,65430,6,1083998
117,69150,4,1525875
273,93311,3,2243692
205,87050,6,1683722
156,60534,5,1420526
149,70987,3,1740868
184,69707,5,1000460
132,35250,4,1131465
151,84663,3,1454058
130,59654,6,1071513
144,62579,4,1310992
257,73004,4,1462093
141,52100,5,1043874
163,56451,5,779405
221,69992,5,1228074
170,39710,6,684749
204,88446,4,1898261
185,78996,5,1072416
175,59592,6,1043381
178,73229,6,1342245
156,96287,6,1652548
198,77986,3,1880251
186,82019,5,1527961
162,99733,5,1749865
226,52873,3,1067511
151,55301,5,696950
244,70460,5,1851643
132,68749,6,399367
119,74601,3,1160240
147,51505,5,253196
140,62587,4,1263410
164,80683,5,1420012
162,49629,3,1700876
213,79008,4,1787349
176,45832,4,980625
165,81397,6,1097405
163,70387,4,1045612
215,59920,4,1134313
171,66101,5,1073153
182,64760,2,1831455
160,66630,4,1333109
150,57294,6,763117
160,79168,3,1904434
186,50253,3,921949
196,82772,4,1715743
155,66926,3,1080860
144,70883,6,1083896
134,60267,5,974950
214,57086,5,888505
95,56193,6,800953
156,80847,5,1462026
216,69669,4,1426359
118,69971,4,1160912
164,45109,5,670901
169,67833,5,1258460
183,78094,4,1387292
149,57852,4,707779
168,70050,5,935615
240,79756,4,963455
257,83885,4,1724434
170,76326,6,1297803
191,64514,6,1348983
222,61951,3,1124911
156,50529,5,790371
130,65832,3,1573146
226,78351,5,1594184
202,49249,5,861388
184,76610,5,1118295
115,62493,4,1012554
214,70742,6,1086564
154,72343,3,1259885
203,76994,4,1433860
165,80137,6,1913182
158,40061,3,547617
193,64700,5,805852
171,69118,5,1317640
197,77386,1,1813325
149,80440,4,1664240
177,92824,6,1404148
138,44038,4,690572
188,69232,5,1237524
253,80509,5,1184730
108,38833,3,960853
155,61590,5,1155071
138,79406,3,1669790
117,59832,4,1503133
149,55111,4,1301429
242,89225,4,1637591
132,75342,4,1499915
183,75500,6,1100268
139,53818,5,1030177
224,95762,4,1656171
194,61956,5,1578413
201,66871,5,1023848
161,49646,5,1087325
174,60197,5,1201770
107,61258,4,1111015
202,73195,4,951741
173,70628,3,1258332
233,78164,4,1757142
137,59545,6,826888
244,80759,5,1620818
135,67364,6,1028411
232,85965,3,2185775
158,60532,6,1059012
162,55911,5,1084431
142,92912,4,1717422
150,59942,5,1046970
155,57303,5,781756
159,75371,5,1428212
206,70666,5,1236979
171,64270,4,1287072
143,79810,4,1150572
153,76909,5,1179572
202,70999,2,1401517
192,69645,4,1311100
128,65276,6,1128985
179,68187,6,1184493
191,53717,4,963265
207,79394,5,1307456
209,73357,4,1324095
191,34745,5,909306
138,53434,6,470919
183,62189,6,388286
189,59815,4,1192890
142,88787,6,1438947
155,60019,5,775990
153,57100,5,1376357
162,76632,5,1516326
153,63505,4,1626629
164,64336,4,1353247
171,80381,5,1124935
220,88583,4,2294597
197,79784,6,1221443
199,71741,4,1409924
171,62191,7,523040
144,83926,4,1281807
143,73006,4,1216453
190,75095,5,1678154
134,72693,5,1128465
130,62560,7,617572
170,85945,5,1291669
131,79704,4,1173204
218,78204,3,1573944
156,54747,3,1170703
222,81886,4,1719094
169,52918,5,734502
158,76799,5,922344
136,45262,5,666021
147,62973,6,455141
145,46347,6,15796
142,84303,4,1804835
235,79964,3,1863498
157,70877,4,1467804
204,92849,3,1889446
193,58621,5,471195
184,75295,5,1316233
221,83231,5,1440556
237,64442,5,1495975
178,53386,5,789178
169,73603,3,1190670
136,58660,7,377056
189,71776,3,1374738
133,94295,4,1104658
216,67411,3,1843490
182,80308,5,1172189
176,60712,4,1058560
207,75409,3,1715081
174,76955,4,1558598
146,65759,6,1285962
186,94215,5,1550112
112,64234,5,989990
167,95846,5,2094569
162,70585,3,1211581
185,59697,4,1117539
121,61780,3,1168757
134,62565,5,943706
277,59567,4,1147682
152,68596,5,1498987
284,78360,3,1722168
176,66883,6,1084759
175,74504,6,932840
142,70979,4,1044204
160,65433,5,1213505
192,66688,6,1321772
127,70213,4,1277839
174,58666,6,818823
171,71879,2,1494956
178,72862,5,1063826
171,71859,5,1128145
182,76248,4,1257128
148,63039,4,1918997
199,64033,3,1057052
189,77917,6,1337689
151,61323,5,1226240
209,73480,6,1068614
164,61749,4,1233291
172,68028,4,1111753
136,75055,4,1101072
235,77057,5,1487993
172,94706,4,1890819
175,63349,5,1167830
151,78279,5,1192932
209,74934,4,1351773
184,67772,5,842616
231,78236,4,969785
188,51144,6,836281
173,71354,3,1255249
136,53322,4,719554
161,63855,7,967849
138,63751,3,1251875
138,65998,6,1204133
209,60062,5,1144817
205,76474,3,1628775
232,59698,4,1490725
180,62989,4,1368242
192,69455,5,1448007
159,82615,7,1110648
104,90683,5,1530923
149,65499,4,829927
149,48330,2,1335546
243,67925,5,1486107
194,48128,3,818773
226,76530,5,1244832
219,68657,4,1253398
161,77619,5,1309551
177,62234,5,980256
174,71889,2,1747832
189,66124,4,1182082
169,82517,4,1662371
145,88431,6,1354055
176,74931,4,1631245
140,60656,5,1045109
155,53248,5,927902
126,85828,6,1531067
166,89711,4,1589766
164,67200,5,1617772
123,57602,5,1002839
193,66822,4,1581268
243,80968,3,1697131
205,92813,4,2037053
200,65335,5,1383984
205,84532,4,1809809
164,57983,5,874886
123,49257,5,526980
240,53977,4,1118907
259,88907,4,1473189
159,61771,6,1496886
191,54714,5,510830
199,78562,5,1553886
185,61407,5,1242595
165,64512,6,814604
155,64818,4,1173605
202,55554,3,1240455
196,67185,4,1609824
174,81731,4,1546874
126,88554,5,1199216
129,60973,5,946167
283,66296,4,1940090
193,90161,4,1597441
150,68221,5,1150749
149,85580,4,1769789
217,82425,4,1458112
216,67470,6,891823
137,47640,6,843214
207,60740,5,1044137
217,57212,4,988525
216,60885,3,1447300
227,70557,3,1351076
158,77537,3,1541293
163,52950,5,1216154
260,82878,3,2021885
162,68108,5,1571145
211,90613,4,1744858
196,68296,4,1906463
143,73695,4,1152457
210,80242,6,1278657
259,78592,4,1784487
145,88084,5,1425848
198,46538,6,587715
199,91301,5,1291233
200,78013,5,1154432
242,80008,3,2068833
195,74878,6,1262693
205,76278,3,1130563
145,61725,2,1566868
163,65758,5,1126053
147,59065,4,1373713
223,70553,5,1559116
135,71047,5,1289153
110,60479,6,646388
233,62724,6,693079
134,68293,4,938937
142,66460,4,959623
206,63328,4,1059217
155,59274,5,1116699
165,65624,5,1143122
181,65738,5,1012314
221,66246,4,1594294
246,76096,5,1590068
231,76800,5,1159141
138,76967,5,813808
139,63147,5,1038260
201,81356,6,1966213
165,74975,5,1548207
144,58619,5,792824
282,74962,4,1391229
180,64848,3,1578289
153,78463,4,1740645
273,82551,4,1355623
223,58760,5,1186185
167,68275,4,1732026
136,71535,5,1163865
143,66248,5,1270877
194,88319,5,1079469
156,49938,4,1209930
98,54207,5,692614
124,59084,5,828983
155,59731,5,1184694
151,68249,3,1377234
124,61626,5,1323871
202,61524,5,960375
140,78441,5,1248971
189,77528,3,2128191
169,59864,3,1338676
94,57545,4,1140827
157,65292,2,1673265
185,79823,5,1378072
190,49265,5,735535
170,66650,6,880734
98,62193,4,1116803
184,76569,6,1236111
187,79943,4,1430190
173,87982,4,1378961
147,58310,3,1359497
183,57060,3,1392255
179,53360,4,998554
176,72598,5,1521244
261,52106,5,1110399
171,70256,4,1293902
151,87172,4,1552841
116,64592,4,1030939
133,61311,3,906801
153,63521,5,1177372
162,57273,4,1221557
189,62293,3,1523095
154,64988,4,1153032
141,82883,4,1257361
154,44227,5,788170
122,75331,5,1243807
160,59051,5,658453
135,63842,4,1213240
158,56677,3,1225704
239,71010,4,1426292
130,64895,6,498399
148,65566,6,984271
265,57157,3,2047159
164,74964,4,1482610
157,88374,4,1693060
152,60454,4,1413528
158,72192,4,1207214
172,58737,4,922118
214,66025,5,1226867
216,76748,6,835784
172,62794,4,1021420
160,55918,4,1217675
148,46403,4,735268
187,57198,2,1445937
176,65027,5,912729
95,50967,5,595259
143,70856,3,1443644
124,82309,6,1125192
164,48376,4,918368
140,57932,5,704432
250,56090,4,1456162
178,61462,7,755106
116,80518,5,1188238
268,93627,2,1942234
154,61461,5,1027197
150,75757,4,840547
197,48224,2,1754996
190,68906,3,1454958
162,60354,4,746975
193,65151,5,1086153
131,46357,5,934999
181,73970,5,1350160
140,64594,5,595783
190,49834,5,742155
222,75875,4,1936117
216,72488,5,1064686
170,73693,4,1367972
127,50857,5,1244078
158,79261,3,1102158
240,64346,5,1425146
176,89421,7,967386
164,60321,6,962184
149,66343,4,1257104
191,52583,5,1011894
184,85273,5,1612302
142,54230,4,602738
221,67239,4,1095714
137,50958,6,780411
221,62586,3,1452625
135,45423,5,872139
198,72783,5,1454993
192,71085,3,1188922
198,66314,5,1109225
205,60122,3,1227631
180,61398,6,458895
176,72197,5,1615110
203,86587,4,1528606
137,87166,5,1748564
173,80012,5,1484765
239,82322,4,1783090
198,71445,3,1356999
149,61096,5,445740
199,77040,4,1559663
126,79667,4,1255955
114,62179,5,1015111
152,48513,4,1258011
129,64655,2,1548946
259,91789,5,1937780
158,66609,5,965873
164,90019,5,1560928
222,62954,4,1562589
192,74383,4,1374620
178,50280,4,1140342
179,61253,4,1256851
168,88149,3,1886930
205,73748,5,1169760
213,79194,5,1879911
164,76243,4,1250713
182,51322,3,1069105
185,70333,5,1237706
125,53605,5,581633
134,80175,5,1775763
159,57532,3,1467412
121,70136,6,829118
173,79901,5,700241
146,58657,2,1040671
273,94184,4,2265897
182,65685,4,1762736
172,61287,4,1302626
164,58229,5,790061
216,60172,3,1064541
203,73016,2,2004621
160,61859,4,1300314
212,67151,5,1412333
141,63206,5,747603
128,51334,5,771462
130,68356,4,841278
154,57208,5,1211691
164,69822,5,1197616
139,54814,5,735779
119,56125,5,894536
204,59855,4,1198515
212,64806,5,983931
191,63546,3,1761921
180,63160,6,720950
163,90276,5,1824551
171,66519,4,764694
185,82211,3,2076553
198,89544,4,1978051
177,87411,4,1992957
134,85812,5,1295519
199,75594,5,1243521
207,63550,3,1419986
149,72404,4,775832
181,63915,6,737397
138,66510,5,699224
136,75212,4,1167043
132,67792,5,1216204
189,62624,4,1283054
148,53628,6,613467
164,75940,6,1222371
224,73310,5,1218384
247,58407,4,929030
174,59851,6,692103
162,70566,6,442528
182,104129,4,1782914
213,92174,7,800622
159,52632,4,998731
218,65554,4,1353018
152,62005,5,900717
279,68972,4,1117855
163,69863,6,1260271
148,84833,5,1466861
135,77312,4,1465326
188,76576,6,1269505
155,53177,3,516070
169,72908,7,1124030
166,68219,3,1327358
139,49187,6,570693
158,80054,5,1402986
173,68127,3,1005202
208,55735,3,1468374
159,65351,4,1305612
133,76120,6,1293218
219,66513,4,1159605
165,84140,3,1780086
137,68387,5,985873
282,81849,4,1391469
134,65554,5,1013899
127,68053,7,690534
224,58134,5,1120367
143,57299,5,627804
274,73982,4,1735353
180,49249,4,1362160
163,47750,5,364540
190,81073,4,1259199
172,90002,4,1913626
157,86005,5,1538053
187,69048,4,1219023
218,66867,4,1411411
141,61423,4,1305835
221,83760,2,1787684
179,58649,4,1476992
176,65026,6,953438
231,64217,3,1266499
197,54459,4,1095794
182,68997,5,1422381
209,61018,4,1362583
218,62598,4,1338268
161,73643,6,1460637
179,64212,4,1242948
145,63558,7,383052
192,69241,5,1185788
217,74414,5,1808738
129,61225,4,679980
155,47609,5,652022
154,52833,5,1212134
202,63686,4,953260
162,63562,5,894614
195,87077,6,1259847
120,65431,5,790324
142,62203,5,1143327
180,68135,4,1476798
183,82858,5,1454138
102,61246,4,719107
164,91048,4,1654521
154,47237,3,1035358
159,65261,2,1320203
176,80992,5,993236
155,52638,4,1086724
195,79109,5,1527536
205,69445,4,1593847
221,79107,3,1914754
148,66757,5,969986
169,82326,5,1109922
219,88376,5,1809996
142,68332,6,690137
120,52646,4,776298
242,58831,3,1492258
179,87454,5,1013329
202,78235,6,1307574
211,94413,4,2088937
146,49997,3,998785
148,51566,6,352769
143,74310,5,1127440
185,69333,5,1329936
202,60746,5,826924
202,61813,6,780464
188,75073,6,1388500
207,60181,3,1301770
186,49911,5,709535
135,79098,4,1123950
186,64661,3,1686194
166,80924,3,1664098
154,56606,4,1331782
177,80979,6,1473759
169,57271,5,483457
200,66114,3,1472353
158,76818,4,1628718
181,76918,3,1604686
189,61061,2,1146943
131,72739,6,1011832
200,70239,5,1512523
165,70241,5,962825
140,68244,3,1384705
144,80768,5,1438592
169,61434,6,1054004
124,58715,4,1193208
175,83823,4,1716922
143,43620,5,454758
165,66753,4,1075178
211,65405,4,1267327
177,88889,4,1520806
216,71903,5,1540345
156,65780,5,1115178
171,64085,3,1049345
163,63900,3,1539453
152,74006,5,1284077
171,78914,4,1160739
168,65410,5,722087
189,59610,7,1326956
168,49965,4,957276
150,81991,4,1865396
229,65703,5,929734
219,72969,6,1126207
163,50049,6,1094376
120,55689,4,726916
159,42133,5,664105
117,88303,4,1942010
167,74275,3,1427814
184,67970,4,1579013
168,84640,5,1038008
156,75658,4,1452955
218,77187,4,1540272
187,83063,5,1739107
163,62803,4,1067130
149,72968,3,1455782
161,62820,5,1073699
183,69227,6,1093936
217,74053,6,1287766
120,74286,6,866825
231,71671,4,1367728
147,74361,6,1531681
212,70042,4,1475958
176,82776,4,1493902
171,70952,5,1331834
233,78501,4,1621614
155,72234,6,1378175
165,62837,4,1280800
251,94223,5,1910233
136,48802,7,434887
178,50974,5,570128
205,87153,4,1555015
210,71593,3,1765980
180,71831,5,1267515
249,68611,5,885286
139,69397,5,1012567
189,62973,5,1486321
115,65855,5,1537530
181,75923,4,1186234
172,44868,4,1060076
150,61561,5,756844
270,64286,2,2084402
162,67300,5,1503273
174,67572,5,1548968
133,64281,7,784187
226,64441,5,1338566
184,76343,4,1943045
184,66674,4,1168756
123,63973,5,1393489
199,68257,6,903553
187,76584,6,1268851
196,73003,6,1246414
143,59786,3,804500
206,71653,4,1363375
202,87305,5,1392216
206,92253,4,2018444
148,60032,5,1277044
240,74471,2,1719830
167,66463,5,1045658
146,64272,4,1289526
217,56501,5,525835
193,60144,4,1505517
163,67994,5,1322927
175,69682,4,1378098
204,77518,4,1445595
197,63762,5,1034629
181,73924,5,1119151
192,49086,5,636998
137,64897,2,1425836
221,75455,5,1483761
125,69596,4,1069430
147,69879,6,1084069
182,72056,5,1018783
201,52510,4,717343
206,87189,5,1834417
160,82430,5,1358514
170,58936,5,1100965
161,61322,4,932927
218,75063,4,1916285
143,49373,6,697371
168,53535,4,999738
101,66555,6,914383
214,59853,5,1147133
275,84365,5,1658203
152,62665,3,1399043
202,69451,3,1422658
153,80658,4,1426284
121,44252,7,363743
131,62796,4,1108007
225,67046,3,1357186
196,64900,5,1103935
143,56598,4,1009813
133,61429,5,1131254
126,70949,5,1194145
196,79372,5,1280070
171,48333,5,742333
188,67086,6,1117654
187,62167,4,1152608
214,74831,4,1499683
151,51587,5,882339
101,43760,5,533449
138,69661,5,987993
120,75803,5,1248704
170,73683,3,1609613
159,76785,4,1643343
171,40545,5,405827
222,49597,6,900854
227,55349,2,1720441
180,90562,5,2142512
156,76105,3,1594195
183,72757,3,1196420
122,58049,6,879407
218,74495,4,1451618
95,60263,6,873669
151,62786,3,1616779
246,54071,3,1829321
257,64061,4,1337321
166,64067,5,1262290
177,78798,5,1089553
134,65545,6,629583
187,64560,5,1253140
206,76052,4,1732909
158,51188,3,1261520
144,55059,5,837901
140,54662,5,824749
158,42826,3,1024529
158,66909,4,1768593
169,66320,4,1545065
151,54502,6,407656
240,87282,5,1416414
130,57446,5,347180
189,62711,4,927361
162,82241,4,1353603
205,71883,5,1517629
188,76167,3,1449505
180,66130,4,1174761
197,73858,4,1716446
155,47331,3,1265495
176,54706,5,808739
164,68139,4,1188417
138,59902,4,723965
172,90833,4,2209527
167,64924,4,1383995
181,57133,5,892424
230,72237,3,1277481
127,49660,7,590994
77,65169,5,932739
197,62715,5,680490
199,72094,5,1108639
271,49949,5,1335252
167,97701,4,1382746
188,73677,5,1382808
165,71990,6,1035715
203,62465,3,1371424
161,73031,5,1299299
178,52525,4,848203
258,68177,6,1328760
150,69896,5,783103
129,61929,5,605499
167,78145,4,1402959
187,90677,4,1716565
153,70742,7,1266254
219,78951,4,1550088
169,74059,6,1006662
165,67672,5,1034982
164,68267,6,1054773
158,67699,6,1102236
150,78060,5,1362538
157,61129,5,1025647
250,70508,4,1625377
159,64129,4,1527669
131,79947,7,1218663
212,70471,5,1579117
213,66168,6,1069427
146,70761,8,905882
139,56846,5,1285825
152,56847,6,992508
254,69995,4,1612695
190,56777,5,1075994
199,58216,4,1383454
155,74533,4,948719
115,84753,4,1264408
113,73531,5,1122742
193,54370,4,1387682
235,75172,5,1843078
190,67271,4,1230322
133,80131,3,1324098
170,49926,6,776662
120,59250,4,1087041
158,72186,3,1393844
142,78242,5,1108014
191,62090,4,1599234
173,65677,4,1313619
192,80324,5,1376764
173,79650,5,1250367
166,53326,5,873510
172,90237,3,1687502
177,71777,4,1278559
218,75744,2,1928386
208,60498,4,1585413
139,67138,4,1077753
120,72752,5,1370639
163,80928,4,888750
188,59019,5,1098532
203,95553,6,1977202
93,59713,4,998288
192,94631,7,1755709
210,59940,6,909714
201,72018,6,915052
188,78077,3,1561021
170,80390,5,919027
170,71338,4,1289968
162,63310,5,1185275
221,81308,5,1203358
183,78411,5,1928940
173,78186,5,846402
159,56614,4,876528
236,102420,5,1213364
132,60614,3,1958844
153,60644,5,743575
183,69538,3,1244261
218,72996,3,1554767
188,80128,3,1643687
218,56666,4,1626540
189,56527,4,1112048
81,56756,4,1149745
165,71402,4,1444518
149,45596,4,925082
186,55751,4,1074492
174,71145,5,1680605
155,72643,4,1465473
199,63826,5,848009
185,65366,6,1020285
194,71495,4,1600803
194,76370,5,1128223
147,73297,4,1047579
180,63507,5,1169662
186,59522,5,961180
182,72791,4,1353546
179,54518,4,828525
175,63015,4,1284337
150,77122,5,1170227
183,74981,4,1007425
245,76720,4,1533750
163,55779,3,1595826
115,83209,3,1522863
156,65182,6,780788
205,63972,7,643009
228,102220,4,2106081
176,50195,5,1213564
181,66607,4,1070944
207,79970,5,1544869
147,37604,6,586449
187,74479,5,813107
187,66905,3,1183961
184,74845,5,1438649
133,59262,4,1561393
176,56255,5,579834
179,87733,5,1418275
189,45628,5,1071089
162,73289,5,1159765
127,66113,4,1185563
187,56026,6,1268737
129,61839,3,1297566
243,90489,5,1246648
114,49657,4,278322
129,61339,5,1078094
193,74516,3,1436552
176,80543,5,1122000
163,70532,4,1140454
226,63831,4,1212949
139,46258,5,814213
129,63437,5,685934
133,66966,6,1084731
201,69059,5,1078314
193,83553,3,1875483
194,71742,5,709699
187,66554,6,775413
147,58642,2,1535243
189,79285,5,1491579
107,52930,6,652238
294,78801,3,1577590
151,70998,5,898677
175,74680,6,936517
180,69836,4,972532
175,66814,7,1293487
169,71946,3,1468514
176,60450,4,1206216
207,95599,6,1664394
190,73955,5,1293965
202,96343,4,1822091
164,72792,4,1503576
174,62620,6,790680
183,42059,4,797102
268,75746,4,2024281
160,66911,5,779624
199,58245,4,1432954
165,64345,3,1412907
160,48331,7,740461
169,61772,4,1087330
168,59738,4,1088996
141,70018,6,1020161
162,79563,4,1589004
125,53412,5,612829
190,64079,5,906005
144,79230,6,1405364
213,67934,2,1533163
173,45992,4,821577
198,65430,4,1650360
134,78208,7,945648
185,73179,6,1831450
209,65208,4,1160943
118,78387,5,707501
185,66072,5,1398723
214,71042,3,1301026
184,63396,5,1426822
149,64489,4,1104842
204,56446,5,1499298
154,65990,5,1132377
222,75124,5,1183930
121,66166,6,1016358
232,49887,3,1198330
155,66825,5,933130
160,74371,6,1108631
150,58794,7,928741
182,48444,4,932887
177,59392,5,901210
142,75962,3,1823213
174,66677,5,1583168
144,56174,5,709165
208,70770,4,1368901
169,67699,5,1323161
182,68812,1,1529240
180,66481,3,1340873
156,51206,4,1467576
169,75575,5,1239348
190,55420,4,1138010
152,88486,5,1532870
91,55785,5,908736
174,72843,3,1549490
154,51282,6,572727
111,50559,6,867845
168,60029,5,1194587
160,78650,5,1613514
145,79040,7,1223687
167,82021,3,1759765
179,88149,7,1554239
170,83906,3,1522635
178,73576,5,1417030
136,73023,5,1278210
208,58819,2,1612758
194,46023,5,922831
213,75925,4,1120425
162,82179,5,1556561
177,65795,6,990242
162,71423,3,1002874
157,75384,4,1259297
212,82216,7,1030905
191,75631,4,1064953
173,76377,3,1777478
168,77161,6,1129350
171,74917,4,1541909
194,81770,4,1862720
141,74544,5,1115589
245,85475,3,1752801
202,68282,4,1333205
143,67123,4,1317009
174,66702,5,1245493
212,41878,3,805284
174,58448,4,896106
111,66806,6,819514
145,68406,5,751042
263,69801,4,1395202
225,88160,5,2057158
158,69498,5,1123560
218,65993,2,1559938
148,56988,4,896484
166,50331,5,506283
185,51542,6,518613
211,78782,4,1467103
212,69674,3,1458408
203,69083,5,1353146
201,82065,3,1675053
167,69244,5,748106
162,69139,6,1142099
82,76095,5,1094367
150,60152,4,960756
209,81841,5,1056555
194,69510,4,1387593
254,79268,5,1043479
209,59659,5,808493
235,58095,5,1323090
255,83986,4,1483910
151,61647,5,1136766
186,78149,6,1200323
159,78523,4,1894531
210,60365,4,918086
223,74868,5,1349082
145,65497,5,978539
151,90981,4,1155905
194,76862,5,1670721
197,62014,4,1977710
208,67862,5,1082383
191,71423,5,1291992
174,54693,5,965284
179,70103,4,1684805
225,67599,5,1114683
200,57449,5,1363974
189,71994,5,1116232
155,49545,4,1122510
270,48991,4,946951
136,58723,5,1081297
121,95959,4,1988706
175,65266,5,617972
166,62323,6,842930
144,70483,4,969490
145,53440,3,1243607
169,73603,3,1574018
179,78669,4,1229601
105,62639,6,784406
179,77831,3,1799531
195,86818,3,1601132
111,54218,5,726828
189,77184,4,944568
201,78507,6,1159445
168,73000,3,1662795
136,53652,5,935654
211,71827,5,1252103
195,64497,2,1545974
153,71755,5,1279052
209,95949,5,1643831
142,68999,4,1459869
156,93927,5,1506005
170,83863,4,1431685
210,57234,4,817106
157,83538,5,1404041
263,60844,4,1399874
187,56485,4,1259879
161,71627,5,1279664
182,56838,3,1132740
196,59941,5,1275652
131,67930,4,1085063
175,67278,6,942450
223,65043,6,1490867
199,67456,4,1567108
158,51388,5,731735
119,65969,7,1384229
166,65080,5,1181297
171,69138,5,1342495
247,61125,2,1527743
163,63254,2,1211389
258,79886,6,1529629
194,61628,6,837882
188,86073,5,1819644
170,69685,4,1357502
216,74846,5,1283216
171,77409,6,811953
252,66929,4,1012045
141,74133,5,1102809
150,48399,6,459647
147,60048,5,806132
237,75847,3,1622914
161,68953,3,1212161
169,60792,4,1245278
120,55385,5,856848
189,52829,5,1162410
213,79751,4,1849972
100,63375,5,1138535
179,52106,3,871789
168,52655,5,1103503
180,64523,4,1816762
143,60961,5,1058647
196,71616,2,2222588
151,87903,5,1251587
203,84098,4,1906824
162,68050,6,801512
188,63568,4,1331816
186,66079,5,1185253
233,70695,5,1008142
184,70402,5,1609645
139,77696,6,1046374
126,67975,6,669956
196,68440,4,730328
150,55740,6,977392
158,77816,3,1875102
110,69366,5,1183366
182,79655,4,1986968
206,72372,4,1205029
175,63498,5,693033
167,70246,5,1312623
186,76975,4,1062757
183,62626,5,938692
244,77394,5,1146524
239,67277,5,1045257
253,56641,4,1697998
206,76603,5,1510070
202,60081,3,1210649
122,70836,6,1014785
121,76531,4,1186205
172,65163,5,1268786
196,45549,6,873710
143,88594,6,973661
226,71420,3,1410640
188,60081,4,1238510
220,75383,4,1038375
146,85645,5,1581795
132,72302,3,1583335
151,58169,5,1134461
142,69152,6,1330648
183,68812,5,1228399
222,52599,5,1173982
170,69715,5,1187350
182,71349,6,1056526
195,79056,5,1768376
192,50584,6,698497
178,67744,3,1135385
128,56161,2,1340831
136,54763,6,965926
162,71747,4,1798339
184,60970,4,1155189
158,78552,5,1724689
185,57397,4,1314239
195,40309,5,957332
210,87705,3,1070855
163,49980,4,1051446
158,54928,5,360946
223,53505,6,758450
246,62434,3,2047894
164,68219,5,1835292
174,74830,7,1173674
219,60716,7,559559
154,75544,7,1019108
152,87079,2,1720981
147,69726,6,1119876
206,46381,4,886059
163,59051,5,992042
272,84152,2,1735486
208,72842,4,1485813
166,82696,5,1624931
175,61663,4,1028053
182,78270,3,2008732
173,77937,5,1794926
129,47094,5,874279
141,62588,7,678453
174,58809,6,598494
162,76819,5,1077310
219,82312,6,1346658
220,70128,6,1412908
155,70666,3,1720499
147,96248,2,1735368
137,82640,4,1685725
190,59459,6,824496
182,89147,4,1894520
151,70690,5,1064728
140,76582,6,1226470
140,77650,4,1181300
167,57162,3,1335636
129,60816,4,1078603
135,67989,5,805701
160,66383,3,1415667
115,64713,6,529801
201,64616,4,1412062
193,56460,4,925259
215,81362,4,1644783
110,62002,4,1278201
167,64205,3,1538927
135,46167,3,487683
159,65330,6,923990
202,71277,5,988066
180,71585,4,1404782
184,64880,5,1016821
131,75179,4,814530
179,82972,6,1658055
225,93349,5,1583218
126,72924,4,1874653
203,70926,3,1296261
125,70397,7,930881
251,71594,5,1298538
267,74707,4,1604139
183,61132,5,967898
122,79600,3,1563665
174,50378,5,797230
159,64533,5,889046
202,89014,4,1342761
181,74313,5,1190299
185,64171,6,649328
118,71274,6,1018753
151,76168,6,1224799
147,68261,6,735944
146,57742,3,1611475
172,86195,5,1524361
197,71562,5,1024134
131,50175,4,1237747
198,62819,5,983397
138,81812,4,1177163
164,79683,4,1681889
166,65902,4,1388421
178,90566,5,1348255
139,43223,4,672584
206,90949,4,1379949
192,82609,4,1464202
143,53176,3,1018936
245,73417,5,1509815
188,83701,3,1284336
229,74294,4,1801386
227,67116,3,1236093
133,73028,3,1472275
132,51356,6,697106
184,96654,4,1415304
120,60049,4,1033702
200,61367,5,903938
156,68397,4,1459271
166,37963,5,766963
125,47703,5,691322
167,54155,4,796042
227,68437,4,1355476
110,56541,3,1350006
207,74769,3,1867308
179,80138,5,1620418
103,72017,5,1060386
211,55015,5,760600
198,66448,4,1129684
122,68204,4,1035517
165,52383,4,476079
156,55539,4,1031390
174,79486,5,1480780
154,64654,5,1614945
207,62425,5,1248454
222,89957,4,1804966
123,61763,4,1415800
198,78653,3,1872547
128,70848,6,1045585
147,68028,6,1462408
224,78423,3,1425887
194,61823,3,1393522
148,74822,5,1086903
206,76262,6,1159295
207,59260,5,841935
197,69898,5,1202957
174,67222,5,903793
198,72242,4,1982424
138,62133,5,606084
105,64764,6,1039780
168,77280,5,1473318
269,78122,4,1686129
185,70888,5,1239843
170,55801,3,1298631
215,51990,4,1033698
131,71575,4,1231231
183,79839,7,1058283
126,67314,4,1381702
169,76238,5,973789
88,53381,6,753221
172,54520,6,300021
152,80098,4,1418639
218,79990,4,1386436
133,76461,7,769265
155,69056,5,1417909
164,49387,4,687295
153,76451,4,1033087
132,82362,5,1399058
146,61097,3,821325
168,63413,5,1118372
217,63686,6,1098923
198,78044,6,1691937
180,86778,4,1824859
157,65729,5,1082196
133,85528,8,579108
222,66655,5,1236745
274,71828,4,1879205
129,71764,6,1072111
161,63357,5,1043409
144,55004,4,946148
166,64693,5,1314870
257,71592,4,1138776
186,65614,6,1416058
211,76028,5,1067374
223,91101,4,1698331
159,63335,3,1599627
236,68412,3,1691942
156,65719,5,968047
228,63486,3,1414498
101,61265,4,1277804
135,69942,5,617725
174,60881,6,593304
116,61960,4,1091629
243,63179,5,1153955
118,55415,5,545401
133,69139,4,826953
147,69077,7,828547
209,72615,4,1628666
195,55643,2,1548167
125,48406,6,601785
178,73007,5,1488395
137,75514,5,1176547
165,55827,4,1193031
119,70874,4,1507400
188,63453,4,871158
140,57854,6,967374
165,69298,5,1323860
107,48478,5,426949
226,66776,4,1122756
155,74135,5,925535
174,59165,4,825505
214,61893,2,1630784
160,81864,3,1552949
203,59237,5,1238999
168,68824,3,1667528
217,64066,5,1214587
203,78162,4,1198884
205,63975,6,1028509
178,68148,4,1037508
130,44905,6,646989
177,61938,4,1534466
162,69756,5,1318046
157,76505,4,2114344
244,72819,4,1456994
210,62929,4,1827089
137,50068,6,271054
186,74762,4,977071
148,59958,4,775161
194,89573,4,1655322
177,72884,5,1151438
226,72894,3,1633836
168,49798,2,761134
194,79526,5,1546118
149,61314,5,844569
129,67970,4,857730
203,44299,5,587504
167,80901,5,1242573
168,64330,4,1075320
85,59345,3,1018067
160,72402,6,793506
168,41419,3,744847
196,47631,5,789325
162,76186,6,1235360
161,65969,4,1716773
196,62850,4,951868
136,49479,6,610628
144,73213,4,1425356
240,49116,4,1112264
157,75973,6,581000
197,79059,4,1238264
149,93868,6,2202092
146,54452,5,510897
235,76706,4,1032103
255,66521,4,1224928
160,40570,5,624864
166,74224,4,1477785
186,82349,6,1203671
171,68151,3,1487787
136,75353,5,1108966
229,65396,4,1056983
215,75439,5,1568022
160,48323,7,419125
126,74214,3,887528
231,69611,5,1241193
243,61528,5,1309296
195,83608,5,1757386
160,66785,4,1320748
248,83865,4,1463774
187,68125,4,1585771
233,78188,3,1711587
198,49474,4,928885
131,73643,6,1029118
145,58375,4,1072159
227,76738,7,944821
155,83780,6,1257721
189,69181,5,1012284
141,70484,5,898574
237,48882,5,818605
92,56368,6,572749
134,79273,6,611051
180,84702,3,1739553
195,69774,4,1273467
172,67441,4,1579115
220,55802,5,693253
162,60541,4,1001101
138,71701,5,1036789
197,63855,5,1317323
242,83039,4,1189448
136,47650,5,1344376
243,87987,3,1824248
213,39946,5,1071872
213,42508,3,1086256
129,63463,5,689001
201,73637,3,1634200
195,50200,4,1004374
139,72353,4,1698026
201,75400,4,1258473
162,56621,5,806740
314,87447,3,2129065
138,41707,5,734057
204,75463,4,1926306
113,54406,6,265617
160,51069,4,833416
168,84060,4,1510498
160,69064,5,1436830
172,68801,3,1523060
148,69143,3,1467071
121,77425,5,857167
210,63193,4,1427274
191,84261,5,1010517
210,67515,7,1053594
161,74772,5,1376059
130,69358,6,1347092
134,73027,5,966436
175,62595,4,1391591
212,86954,4,1680234
190,72954,3,1485154
142,82713,3,1882953
209,76244,4,1359143
135,59815,5,1332516
134,73929,6,1450512
236,82962,4,1585802
161,68651,4,1051734
154,73667,5,819425
193,68913,3,1892994
150,89127,6,1792594
188,64468,4,1200246
134,66247,6,953496
187,69420,4,1412404
228,65208,5,1080601
189,74961,5,1659900
140,79072,6,1045330
190,89019,7,1197280
185,56188,6,681167
164,85092,4,1440629
195,67428,5,758192
187,73493,5,1156228
160,88580,5,1897133
93,84363,7,986238
177,62398,2,1626182
123,61004,4,801990
259,68008,4,694944
188,75368,4,1218577
201,65178,5,1169518
143,57272,6,1127571
222,66348,5,1415025
164,58618,4,1534278
268,58843,4,1097938
151,54777,3,824606
149,85280,4,1459023
190,76717,5,1391459
124,54986,4,744015
159,76394,3,1451266
113,72194,5,1256406
160,73033,5,1374837
118,81393,5,1160448
173,76816,2,1660187
260,70505,5,1354787
183,56394,5,972658
160,85933,3,1338944
183,73788,4,1476635
184,79789,3,1670692
213,75843,3,1500873
194,59508,5,1127099
144,76638,5,1058957
181,67018,4,1285228
156,52791,4,879367
156,91353,4,1746734
147,65330,5,969524
173,77437,4,1904457
160,60543,6,917686
190,87606,5,1932937
107,56470,6,839482
175,65875,5,1410587
182,101772,6,1891157
197,47648,6,897251
158,66981,3,975214
149,67427,5,1090485
147,71301,6,1096519
112,64554,4,837742
196,57844,5,1023549
124,69666,6,654761
197,52364,6,555614
147,60474,4,1348596
191,60441,6,1099665
191,72177,4,1273233
198,53487,5,784679
215,72346,4,1133344
252,74882,4,1127133
195,73694,5,1292776
249,93781,6,1218779
155,55502,5,687136
135,61411,5,1157838
185,78753,6,1366892
140,82327,5,1317712
183,60737,4,1234682
156,72227,3,1885947
267,68375,4,1118382
121,67598,4,951135
139,70302,6,967652
160,66867,5,1155930
153,87212,2,1590064
196,56482,6,1121388
152,70229,3,1346216
179,79644,4,1943342
218,82515,5,1141985
174,77826,4,1657334
201,76626,4,1137900
205,60623,4,1048024
118,57834,5,707151
146,66279,6,1065914
209,65458,3,1531316
202,54836,6,1098296
140,67381,3,846456
206,62831,5,853723
133,53395,7,595745
225,48487,4,817728
148,73031,5,1636037
182,62753,7,988178
161,66594,5,1106213
192,83567,5,1067551
226,63841,6,1454353
139,45700,5,620521
195,60889,5,809029
149,62213,7,655568
131,51480,5,672006
181,72104,5,1181512
194,66189,4,1300658
138,77063,4,1243394
223,74471,4,1583377
152,68048,5,856002
204,67925,4,1247561
168,64770,7,640301
186,68729,4,952335
173,67519,4,1579829
141,57171,6,812684
137,69113,4,1373784
196,64668,5,960856
170,71344,5,955463
179,63664,7,370803
212,67300,4,1293008
184,66415,4,1094049
207,75285,3,1795007
167,65031,6,785107
165,77569,3,1449054
204,50733,3,1411247
143,62565,5,985026
217,89425,4,2053606
195,72800,2,1982046
186,57266,5,1385453
194,70802,4,1311816
183,65715,5,780239
191,53691,3,1041666
184,86747,4,1457096
129,53637,4,1394662
121,73163,5,1031433
233,68078,5,1076682
226,85554,4,1529171
233,72627,5,1640044
170,60939,4,1389772
167,65513,4,919573
168,82533,3,1441960
163,59972,4,1017261
154,80806,5,1078009
151,80069,5,938258
213,64068,4,1307849
151,57998,5,673674
236,68753,6,1079342
238,59900,3,1198582
231,82908,4,1556417
157,99008,4,2014110
205,68126,5,1200211
193,61228,5,1225004
214,76699,4,1452072
157,68878,6,812716
152,81995,5,1640808
185,62106,4,1226600
155,56192,5,666124
193,58856,4,1509252
189,71109,5,1390677
133,68376,5,1111674
96,64168,3,892527
186,73902,4,1684536
188,84820,5,1324620
225,92826,5,1628112
120,61846,2,1513386
174,73979,5,1443996
118,51468,6,428535
162,63119,6,712862
205,74194,3,1105378
235,74557,4,1613879
216,64669,6,1123108
226,51574,5,719775
163,48333,4,1190138
180,63988,5,1053597
136,62991,5,843356
143,70799,6,950667
203,81684,3,1332448
290,76764,4,1254721
210,54802,6,983641
239,72608,5,1408952
169,69546,6,797634
215,67150,6,1047675
174,60051,6,1226912
231,86954,6,1352275
161,63458,5,779699
184,89728,6,1444088
192,63018,5,1120558
191,59970,4,1306188
164,71596,4,1238423
172,74472,5,1177736
158,70113,4,1082846
198,76766,4,1458631
214,63852,6,1174515
129,76195,5,906915
185,63861,4,1483007
215,73594,5,1284270
195,72754,5,1348454
238,83262,5,1484977
208,64125,4,860614
214,86789,2,1440772
145,66733,6,793623
204,64857,5,970102
161,82351,3,1148535
200,80060,6,1629039
189,66454,5,1220393
190,57086,4,1389067
207,64553,4,1257058
122,53139,3,1189035
216,64368,4,771145
217,63736,4,1035925
155,68112,7,466210
214,102414,4,2190766
227,75420,5,1187387
190,68075,5,622330
198,72896,3,1567920
218,79469,4,1537413
250,67325,4,1272252
178,79322,3,1901291
152,70058,5,1356629
159,77741,5,1091689
258,80960,4,1496441
140,62250,4,1602826
148,72730,4,1323341
261,86963,2,2023646
125,74531,4,1661989
255,61672,3,1224367
240,88252,5,1546738
158,68293,4,1245845
128,40159,6,687496
103,57334,4,998655
125,72880,6,1414735
132,77136,5,1664187
135,61787,4,630116
141,69383,4,1427628
190,52985,3,1592203
183,63897,3,1616110
180,40719,3,846340
208,53077,3,1245023
198,65995,6,1048379
181,78492,4,1813409
239,83681,6,1007548
141,65919,5,1252477
228,71246,4,1214535
125,68695,3,1293602
146,46611,4,361898
144,41981,6,1424107
152,59218,5,1234675
154,77976,4,1136974
201,71849,5,1203424
122,72145,5,1157005
171,67710,4,1543140
172,74569,6,1271893
125,60851,4,743016
153,62033,3,1337742
209,87073,4,1563781
126,51951,5,796424
215,91650,4,1615654
186,64349,5,1032378
123,54999,6,307202
172,63512,5,1034819
183,82108,4,1669764
188,56850,6,740154
109,53021,6,319023
136,50398,4,901726
186,67316,6,762798
187,57399,5,596480
165,92259,4,1855517
208,57730,5,1110902
159,81901,6,913860
144,49855,5,807559
139,67463,6,734064
154,83740,7,1153839
181,83588,4,1530677
114,36211,6,356575
167,64242,4,959128
281,82044,3,2065273
219,66968,4,1626965
236,84076,8,1247644
140,65570,6,1147626
175,56518,5,828827
166,61243,3,1132967
185,92904,4,1906845
138,58470,7,832494
183,61546,4,854903
136,65903,7,783135
162,80717,4,1356588
160,62088,6,916696
151,79346,4,1157786
142,73990,5,1468470
210,67301,5,1078749
145,59796,4,1035109
137,71778,7,930570
154,64669,5,1612662
230,84230,5,1619256
163,66041,4,1189346
157,73112,4,1762588
165,75753,4,1710353
163,63167,6,1183276
148,56797,5,771167
169,64710,4,1202993
119,57095,5,828170
121,67463,5,588034
159,56741,6,643074
149,69667,4,1491656
137,72283,4,1158153
142,68610,6,1036616
186,53897,6,847539
187,74759,5,992966
186,68000,6,1303505
195,85371,3,1569015
225,79906,4,1518847
172,90994,3,1637425
198,84632,4,1825376
168,58420,5,958860
175,66061,5,1028468
201,72385,6,1406873
189,57599,5,544292
133,72361,6,1834811
214,85136,6,954319
203,76868,4,1582433
166,67000,5,1130684
139,54617,4,1362764
155,52413,4,1198348
139,56251,4,1567937
163,68182,4,1165289
155,56368,4,1048803
164,67204,4,1180647
155,44262,6,746884
165,40508,4,741586
192,68391,3,1306772
147,85274,6,1303145
211,75932,5,1323593
153,64248,6,1491418
142,68573,6,572095
177,66517,4,1130154
172,69723,5,1115866
205,84831,5,1705472
176,63781,4,1141714
204,74110,4,1051188
247,74104,5,1398406
174,75025,5,862420
162,68136,5,821594
122,60137,5,971984
192,86226,6,1275627
181,85486,5,1421033
246,68096,3,1604052
152,55602,5,532864
142,82354,4,1371488
151,66943,6,866539
188,52374,6,643634
185,68363,5,1394985
143,54009,5,1105695
144,58911,5,866844
178,55509,6,670483
194,69815,6,1200038
167,73697,5,1088703
187,70166,5,997398
281,81440,3,1887910
245,66433,4,1647481
185,56400,4,1083106
241,71451,4,1470418
171,78684,4,1290580
203,56450,4,1792437
164,61972,3,1217031
131,66897,4,1197467
142,68831,5,1008138
205,75014,4,1502153
212,58322,4,1128892
151,77249,3,1751103
146,79151,3,1368546
144,84298,6,1458954
228,70974,4,1310906
159,90010,3,1191921
141,42645,4,908137
187,72041,4,1372056
190,65953,5,1394060
168,74215,4,1653051
151,54803,4,833266
171,69033,7,1030616
201,69423,4,1455274
130,53581,6,736715
135,73251,4,1201478
165,79010,6,1688278
147,77048,5,1158009
210,36918,5,284196
151,60989,6,876550
172,64297,4,1213431
143,80929,5,1570234
202,70432,1,1928228
165,52616,4,825098
193,65415,5,1127853
186,77787,4,1453897
213,76072,4,1848334
178,68138,4,1230144
191,57925,5,1045980
170,71055,5,1356488
151,71480,4,1504828
153,58988,3,1505837
173,64281,6,945772
282,59545,5,1212962
166,79195,7,1261707
231,69147,3,1723656
178,61612,6,1271745
213,61822,2,1206149
114,53293,4,1303764
149,44284,4,523435
124,73411,6,886939
212,66885,3,1663472
170,50052,5,1192881
142,61010,3,1081216
219,80286,5,1848101
190,64329,4,1298889
176,83143,5,1229312
155,65196,5,1264545
224,80995,4,1529646
180,67014,5,1047340
210,74501,6,1133547
214,60966,4,1396162
149,53143,4,501042
193,60305,3,1299994
202,83271,6,1217310
197,65412,5,1268730
197,79877,4,1558622
157,62741,4,1270274
133,64982,4,1120632
176,71008,4,1636786
130,65168,5,1171085
134,48609,4,413271
181,61028,3,1171350
126,65287,5,811240
136,68401,4,1313836
198,66812,4,1484047
214,59684,4,1158382
158,65182,4,1527233
111,92041,4,1998365
170,67468,4,1091221
166,62801,4,1393400
187,75716,4,1241777
151,68976,5,1508669
152,63074,3,1807948
247,81889,4,1664736
156,49562,4,1043530
228,87849,5,1979456
124,80522,5,1364357
153,75322,4,1171451
229,75594,5,1615741
154,70050,5,906927
211,69531,4,1599630
141,69279,5,863897
166,55189,4,982789
156,79553,4,1656966
155,72551,6,1567811
213,68323,4,1510190
179,72357,3,1660664
246,69349,3,1510641
168,59981,5,1007330
139,67311,5,1001022
136,59975,5,560538
201,76923,3,1806019
149,63359,8,998456
137,77570,4,1506222
161,52000,6,1099417
136,49716,5,909496
117,80496,3,1378570
117,60450,7,683164
203,64795,5,1101332
164,65017,6,1275677
247,72893,4,1380931
121,59921,6,803996
215,80442,5,1568467
159,60755,5,575453
150,59293,4,784952
204,76890,4,1021673
162,59585,6,1005619
123,50026,5,917293
133,73655,6,756311
165,58243,5,1328168
224,62723,5,823513
173,81960,3,1198369
205,71205,4,1454475
157,59001,5,668124
157,76658,3,1487920
134,71038,4,965528
158,42582,5,817702
196,90351,4,1749790
209,73348,3,1287148
199,58404,3,1472232
210,73296,6,1100526
216,69864,3,2310494
243,63369,4,1347076
221,49508,4,977662
192,92407,3,1899485
179,69678,3,1489621
187,86351,5,1414724
146,67989,2,1472750
262,84076,5,1718478
162,66460,5,931125
122,70701,5,1014249
151,71535,6,1208312
129,49736,3,1067356
127,71150,4,1172351
166,83067,3,1738592
166,81194,4,1259913
134,66460,4,704922
224,57502,2,1398613
223,69604,5,1235861
143,85007,4,1679425
141,88826,2,2097763
194,83166,5,1922761
168,78996,5,1512942
167,76435,4,1226426
191,62194,4,1075831
126,69526,3,1180890
138,59774,6,1220658
166,70494,4,1396156
189,68477,4,1250252
159,68314,4,1173934
146,75858,3,1276350
174,44940,5,899792
232,52955,5,513111
189,81275,4,1342163
131,87562,4,1637725
190,63546,6,1466159
183,69321,5,894766
165,58775,3,996310
153,85274,4,1578724
134,62065,3,898013
175,69825,5,1195784
154,65904,5,1256700
